timestamp,open (CNY),high (CNY),low (CNY),close (CNY),open (USD),high (USD),low (USD),close (USD),volume,market cap (USD)
12/9/2022,37.718864,37.858048,37.510088,37.57968,5.42,5.44,5.39,5.4,390038.44,390038.44
12/8/2022,36.814168,38.066824,36.5358,37.718864,5.29,5.47,5.25,5.42,4019638.16,4019638.16
12/7/2022,38.206008,38.484376,36.466208,36.814168,5.49,5.53,5.24,5.29,5307370.08,5307370.08
12/6/2022,38.136416,38.414784,37.718864,38.2756,5.48,5.52,5.42,5.5,2713444.43,2713444.43
12/5/2022,38.97152,39.876216,37.858048,38.136416,5.6,5.73,5.44,5.48,3645172.05,3645172.05
12/4/2022,38.2756,39.041112,38.206008,38.901928,5.5,5.61,5.49,5.59,2771876.82,2771876.82
12/3/2022,39.110704,39.737032,38.136416,38.206008,5.62,5.71,5.48,5.49,4453433.15,4453433.15
12/2/2022,37.57968,39.597848,37.370904,39.110704,5.4,5.69,5.37,5.62,6607178.18,6607178.18
12/1/2022,37.997232,38.136416,37.022944,37.649272,5.46,5.48,5.32,5.41,4001779.36,4001779.36
11/30/2022,36.88376,38.345192,36.88376,37.997232,5.3,5.51,5.3,5.46,4722700.97,4722700.97
11/29/2022,35.700696,37.23172,35.422328,36.88376,5.13,5.35,5.09,5.3,3879496.66,3879496.66
11/28/2022,36.953352,37.022944,35.213552,35.700696,5.31,5.32,5.06,5.13,5094640.21,5094640.21
11/27/2022,36.88376,37.858048,36.605392,36.88376,5.3,5.44,5.26,5.3,2262349.07,2262349.07
11/26/2022,36.674984,37.997232,36.466208,36.88376,5.27,5.46,5.24,5.3,2879533.81,2879533.81
11/25/2022,37.440496,37.510088,36.5358,36.605392,5.38,5.39,5.25,5.26,2770201.53,2770201.53
11/24/2022,37.788456,38.484376,37.092536,37.510088,5.43,5.53,5.33,5.39,3739397.2,3739397.2
11/23/2022,36.744576,38.206008,36.5358,37.858048,5.28,5.49,5.25,5.44,4175250,4175250
11/22/2022,36.118248,37.022944,34.796,36.744576,5.19,5.32,5,5.28,5740050.28,5740050.28
11/21/2022,36.88376,36.88376,35.283144,36.048656,5.3,5.3,5.07,5.18,6524218.75,6524218.75
11/20/2022,39.041112,39.389072,36.5358,36.88376,5.61,5.66,5.25,5.3,3870989.34,3870989.34
11/19/2022,39.31948,39.389072,38.484376,39.041112,5.65,5.66,5.53,5.61,1602398.67,1602398.67
11/18/2022,39.528256,40.224176,38.97152,39.31948,5.68,5.78,5.6,5.65,2187119.21,2187119.21
11/17/2022,39.66744,39.876216,38.693152,39.458664,5.7,5.73,5.56,5.67,2822106.06,2822106.06
11/16/2022,41.198464,41.7552,39.041112,39.737032,5.92,6,5.61,5.71,3209428.37,3209428.37
11/15/2022,40.850504,42.10316,40.36336,41.198464,5.87,6.05,5.8,5.92,3301786.7,3301786.7
11/14/2022,40.0154,41.05928,37.858048,40.780912,5.75,5.9,5.44,5.86,5738361.29,5738361.29
11/13/2022,40.224176,41.546424,39.110704,40.0154,5.78,5.97,5.62,5.75,5069240.31,5069240.31
11/12/2022,40.0154,40.920096,38.693152,40.154584,5.75,5.88,5.56,5.77,3603570.5,3603570.5
11/11/2022,41.546424,42.10316,38.2756,40.0154,5.97,6.05,5.5,5.75,8907098.41,8907098.41
11/10/2022,37.718864,43.007856,37.022944,41.546424,5.42,6.18,5.32,5.97,12598434.37,12598434.37
11/9/2022,43.84296,44.399696,37.162128,37.649272,6.3,6.38,5.34,5.41,15523101.01,15523101.01
11/8/2022,49.549504,50.10624,40.780912,43.84296,7.12,7.2,5.86,6.3,17011590.68,17011590.68
11/7/2022,47.392152,51.637264,46.27868,49.549504,6.81,7.42,6.65,7.12,9474204.99,9474204.99
11/6/2022,48.923176,49.75828,47.252968,47.392152,7.03,7.15,6.79,6.81,5716020.12,5716020.12
11/5/2022,49.131952,50.4542,48.296848,48.923176,7.06,7.25,6.94,7.03,7379052.14,7379052.14
11/4/2022,44.678064,49.41032,44.399696,49.06236,6.42,7.1,6.38,7.05,9531817.15,9531817.15
11/3/2022,43.564592,45.443576,43.355816,44.608472,6.26,6.53,6.23,6.41,5454796.72,5454796.72
11/2/2022,44.88684,45.443576,42.868672,43.495,6.45,6.53,6.16,6.25,6160529.66,6160529.66
11/1/2022,46.069904,46.765824,44.88684,44.956432,6.62,6.72,6.45,6.46,3710854.82,3710854.82
10/31/2022,46.27868,47.600928,45.721944,46.069904,6.65,6.84,6.57,6.62,7120046.35,7120046.35
10/30/2022,46.139496,46.9746,45.304392,46.348272,6.63,6.75,6.51,6.66,4310912.76,4310912.76
10/29/2022,45.304392,47.183376,45.165208,46.139496,6.51,6.78,6.49,6.63,6052975.69,6052975.69
10/28/2022,44.051736,45.861128,43.564592,45.373984,6.33,6.59,6.26,6.52,4911921.1,4911921.1
10/27/2022,45.026024,46.27868,43.703776,44.121328,6.47,6.65,6.28,6.34,6785956.61,6785956.61
10/26/2022,44.817248,46.000312,44.608472,45.026024,6.44,6.61,6.41,6.47,6443103.67,6443103.67
10/25/2022,41.128872,46.139496,40.989688,44.747656,5.91,6.63,5.89,6.43,9006229.17,9006229.17
10/24/2022,41.476832,41.685608,40.36336,41.198464,5.96,5.99,5.8,5.92,3823238.57,3823238.57
10/23/2022,40.71132,41.616016,40.0154,41.546424,5.85,5.98,5.75,5.97,2942177.38,2942177.38
10/22/2022,40.572136,40.850504,40.154584,40.71132,5.83,5.87,5.77,5.85,2971915.78,2971915.78
10/21/2022,40.920096,41.05928,39.876216,40.641728,5.88,5.9,5.73,5.84,6612206.88,6612206.88
10/20/2022,42.520712,42.868672,40.502544,40.989688,6.11,6.16,5.82,5.89,5073844.54,5073844.54
10/19/2022,42.868672,43.564592,42.172752,42.45112,6.16,6.26,6.06,6.1,4401418.42,4401418.42
10/18/2022,43.564592,43.84296,42.242344,42.868672,6.26,6.3,6.07,6.16,3868946.94,3868946.94
10/17/2022,43.077448,43.773368,42.590304,43.564592,6.19,6.29,6.12,6.26,3223265.91,3223265.91
10/16/2022,42.10316,43.495,42.033568,43.007856,6.05,6.25,6.04,6.18,2485868.92,2485868.92
10/15/2022,42.10316,42.45112,41.894384,42.10316,6.05,6.1,6.02,6.05,1706785.75,1706785.75
10/14/2022,42.520712,43.634184,41.824792,42.10316,6.11,6.27,6.01,6.05,3863936.64,3863936.64
10/13/2022,43.007856,43.007856,39.528256,42.520712,6.18,6.18,5.68,6.11,7380068.704,7380068.704
10/12/2022,43.007856,43.495,42.659896,43.007856,6.18,6.25,6.13,6.18,2393433.73,2393433.73
10/11/2022,43.495,43.564592,42.659896,42.938264,6.25,6.26,6.13,6.17,3272884.8,3272884.8
10/10/2022,45.095616,45.513168,43.425408,43.495,6.48,6.54,6.24,6.25,3764636.2,3764636.2
10/9/2022,43.912552,45.2348,43.703776,45.095616,6.31,6.5,6.28,6.48,2462447.16,2462447.16
10/8/2022,44.051736,44.53888,43.564592,43.912552,6.33,6.4,6.26,6.31,1422016,1422016
10/7/2022,44.121328,44.53888,43.495,44.051736,6.34,6.4,6.25,6.33,2949396.86,2949396.86
10/6/2022,44.817248,45.373984,43.912552,44.121328,6.44,6.52,6.31,6.34,4214865.72,4214865.72
10/5/2022,45.2348,45.304392,43.634184,44.817248,6.5,6.51,6.27,6.44,4166685.22,4166685.22
10/4/2022,44.330104,45.513168,44.121328,45.2348,6.37,6.54,6.34,6.5,4072739.41,4072739.41
10/3/2022,42.868672,44.608472,42.381528,44.330104,6.16,6.41,6.09,6.37,4977131.51,4977131.51
10/2/2022,43.564592,44.051736,42.659896,42.79908,6.26,6.33,6.13,6.15,3801773.23,3801773.23
10/1/2022,44.051736,44.121328,43.216632,43.634184,6.33,6.34,6.21,6.27,3450155.56,3450155.56
9/30/2022,44.817248,45.791536,43.216632,43.982144,6.44,6.58,6.21,6.32,8082261.96,8082261.96
9/29/2022,44.469288,45.165208,43.564592,44.747656,6.39,6.49,6.26,6.43,5600368.3,5600368.3
9/28/2022,44.330104,45.026024,42.938264,44.399696,6.37,6.47,6.17,6.38,5452664.8,5452664.8
9/27/2022,45.58276,47.32256,43.425408,44.330104,6.55,6.8,6.24,6.37,7249174.06,7249174.06
9/26/2022,43.14704,45.791536,42.79908,45.652352,6.2,6.58,6.15,6.56,8553957.35,8553957.35
9/25/2022,43.634184,44.399696,42.311936,43.14704,6.27,6.38,6.08,6.2,3734926.28,3734926.28
9/24/2022,44.817248,45.304392,43.355816,43.634184,6.44,6.51,6.23,6.27,3955623.65,3955623.65
9/23/2022,44.88684,46.209088,43.077448,44.817248,6.45,6.64,6.19,6.44,9016451.68,9016451.68
9/22/2022,42.590304,45.443576,42.311936,44.88684,6.12,6.53,6.08,6.45,6063122.51,6063122.51
9/21/2022,43.703776,45.791536,41.546424,42.590304,6.28,6.58,5.97,6.12,9829632.502,9829632.502
9/20/2022,44.469288,44.678064,42.938264,43.703776,6.39,6.42,6.17,6.28,5497167.84,5497167.84
9/19/2022,44.88684,45.652352,42.45112,44.469288,6.45,6.56,6.1,6.39,9255864.1,9255864.1
9/18/2022,49.06236,49.131952,43.982144,44.817248,7.05,7.06,6.32,6.44,7888082.4,7888082.4
9/17/2022,48.088072,49.827872,48.01848,49.131952,6.91,7.16,6.9,7.06,3924016.97,3924016.97
9/16/2022,48.296848,48.575216,46.62664,48.01848,6.94,6.98,6.7,6.9,6058337.4,6058337.4
9/15/2022,50.10624,50.384608,47.809704,48.227256,7.2,7.24,6.87,6.93,7556924.27,7556924.27
9/14/2022,49.131952,50.871752,48.783992,50.175832,7.06,7.31,7.01,7.21,5914357.47,5914357.47
9/13/2022,53.377064,55.395232,48.923176,49.131952,7.67,7.96,7.03,7.06,9252301.09,9252301.09
9/12/2022,53.655432,56.02156,52.611552,53.307472,7.71,8.05,7.56,7.66,8935374.52,8935374.52
9/11/2022,54.072984,54.97768,52.472368,53.58584,7.77,7.9,7.54,7.7,4569653.61,4569653.61
9/10/2022,54.003392,54.838496,52.681144,54.072984,7.76,7.88,7.57,7.77,4854345.6,4854345.6
9/9/2022,51.428488,55.256048,51.219712,53.9338,7.39,7.94,7.36,7.75,9603978.87,9603978.87
9/8/2022,50.10624,51.84604,48.923176,51.428488,7.2,7.45,7.03,7.39,6134106.21,6134106.21
9/7/2022,47.879296,50.80216,46.9746,50.10624,6.88,7.3,6.75,7.2,5657008.11,5657008.11
9/6/2022,51.289304,53.58584,47.392152,47.809704,7.37,7.7,6.81,6.87,8014227.23,8014227.23
9/5/2022,51.358896,53.168288,50.523792,51.219712,7.38,7.64,7.26,7.36,5190975.86,5190975.86
9/4/2022,50.732568,51.637264,49.75828,51.289304,7.29,7.42,7.15,7.37,3798954.38,3798954.38
9/3/2022,50.80216,50.871752,49.897464,50.662976,7.3,7.31,7.17,7.28,2939572.83,2939572.83
9/2/2022,50.036648,52.681144,49.549504,50.80216,7.19,7.57,7.12,7.3,5870327.75,5870327.75
9/1/2022,48.923176,50.10624,47.740112,49.967056,7.03,7.2,6.86,7.18,4554476.61,4554476.61
8/31/2022,48.783992,50.732568,48.575216,48.923176,7.01,7.29,6.98,7.03,4314442.79,4314442.79
8/30/2022,50.593384,51.358896,47.879296,48.7144,7.27,7.38,6.88,7,5028135.43,5028135.43
8/29/2022,47.740112,50.871752,47.252968,50.593384,6.86,7.31,6.79,7.27,4881958.91,4881958.91
8/28/2022,49.06236,49.75828,47.392152,47.740112,7.05,7.15,6.81,6.86,2870607.63,2870607.63
8/27/2022,48.227256,49.549504,47.32256,48.992768,6.93,7.12,6.8,7.04,4334932.37,4334932.37
8/26/2022,52.750736,53.446656,47.740112,48.227256,7.58,7.68,6.86,6.93,6009344.97,6009344.97
8/25/2022,52.611552,54.003392,51.915632,52.750736,7.56,7.76,7.46,7.58,2939414.77,2939414.77
8/24/2022,53.168288,54.142576,51.567672,52.611552,7.64,7.78,7.41,7.56,3720336.76,3720336.76
8/23/2022,51.49808,53.725024,49.967056,53.168288,7.4,7.72,7.18,7.64,4831764.65,4831764.65
8/22/2022,51.706856,51.84604,48.7144,51.567672,7.43,7.45,7,7.41,4283982.1,4283982.1
8/21/2022,50.315016,52.402776,49.827872,51.776448,7.23,7.53,7.16,7.44,3047725.62,3047725.62
8/20/2022,50.80216,52.333184,48.923176,50.245424,7.3,7.52,7.03,7.22,4731587.73,4731587.73
8/19/2022,56.230336,56.36952,50.245424,50.871752,8.08,8.1,7.22,7.31,7862959.78,7862959.78
8/18/2022,58.248504,59.84912,55.6736,56.230336,8.37,8.6,8,8.08,4518903.95,4518903.95
8/17/2022,61.519328,63.815864,57.900544,58.248504,8.84,9.17,8.32,8.37,6653592.91,6653592.91
8/16/2022,61.101776,62.28484,60.057896,61.519328,8.78,8.95,8.63,8.84,5191605.16,5191605.16
8/15/2022,62.28484,65.346888,59.988304,61.101776,8.95,9.39,8.62,8.78,7236619.06,7236619.06
8/14/2022,64.790152,66.529952,61.449736,62.354432,9.31,9.56,8.83,8.96,6244622.85,6244622.85
8/13/2022,65.973216,67.365056,64.3726,64.790152,9.48,9.68,9.25,9.31,4978042.86,4978042.86
8/12/2022,63.955048,66.1124,62.841576,65.973216,9.19,9.5,9.03,9.48,6113019.59,6113019.59
8/11/2022,66.321176,67.15628,63.537496,64.02464,9.53,9.65,9.13,9.2,8899036.11,8899036.11
8/10/2022,61.867288,67.15628,59.431568,66.251584,8.89,9.65,8.54,9.52,12143248.28,12143248.28
8/9/2022,64.511784,65.903624,60.127488,61.867288,9.27,9.47,8.64,8.89,9792612.79,9792612.79
8/8/2022,60.19708,65.346888,60.057896,64.511784,8.65,9.39,8.63,9.27,10473879.27,10473879.27
8/7/2022,59.292384,62.145656,58.039728,60.19708,8.52,8.93,8.34,8.65,4827855.46,4827855.46
8/6/2022,61.310552,61.797696,59.014016,59.292384,8.81,8.88,8.48,8.52,5612299.3,5612299.3
8/5/2022,56.36952,61.519328,56.160744,61.24096,8.1,8.84,8.07,8.8,8360224.87,8360224.87
8/4/2022,55.6736,57.622176,54.838496,56.36952,8,8.28,7.88,8.1,5416271.31,5416271.31
8/3/2022,55.186456,58.80524,53.446656,55.6736,7.93,8.45,7.68,8,7508188.39,7508188.39
8/2/2022,56.926256,57.622176,53.446656,55.186456,8.18,8.28,7.68,7.93,10097632.4,10097632.4
8/1/2022,60.057896,62.563208,55.882376,56.856664,8.63,8.99,8.03,8.17,9843579.01,9843579.01
7/31/2022,57.204624,64.094232,56.230336,59.988304,8.22,9.21,8.08,8.62,12551305.77,12551305.77
7/30/2022,56.926256,61.58892,56.71748,57.135032,8.18,8.85,8.15,8.21,10970826.27,10970826.27
7/29/2022,54.699312,58.666056,54.003392,56.995848,7.86,8.43,7.76,8.19,11715078.94,11715078.94
7/28/2022,53.516248,56.160744,51.915632,54.699312,7.69,8.07,7.46,7.86,12081142.61,12081142.61
7/27/2022,47.183376,53.655432,46.27868,53.446656,6.78,7.71,6.65,7.68,8439914.15,8439914.15
7/26/2022,47.044192,47.252968,45.373984,47.183376,6.76,6.79,6.52,6.78,6507781.48,6507781.48
7/25/2022,51.49808,51.776448,46.905008,47.044192,7.4,7.44,6.74,6.76,7316840.25,7316840.25
7/24/2022,50.941344,52.750736,50.871752,51.49808,7.32,7.58,7.31,7.4,4842364.46,4842364.46
7/23/2022,50.80216,52.124408,49.271136,51.010936,7.3,7.49,7.08,7.33,4514593.17,4514593.17
7/22/2022,52.402776,54.62972,50.523792,50.732568,7.53,7.85,7.26,7.29,7248162.69,7248162.69
7/21/2022,51.985224,52.88992,49.967056,52.402776,7.47,7.6,7.18,7.53,6317817.35,6317817.35
7/20/2022,54.212168,56.230336,51.15012,51.985224,7.79,8.08,7.35,7.47,12266325.33,12266325.33
7/19/2022,53.23788,55.882376,52.124408,54.212168,7.65,8.03,7.49,7.79,14586041.75,14586041.75
7/18/2022,48.088072,53.794616,48.01848,53.307472,6.91,7.73,6.9,7.66,12596431.22,12596431.22
7/17/2022,50.10624,51.010936,47.879296,48.157664,7.2,7.33,6.88,6.92,5172727.22,5172727.22
7/16/2022,47.252968,50.245424,45.652352,50.10624,6.79,7.22,6.56,7.2,6479588.08,6479588.08
7/15/2022,46.835416,48.644808,46.27868,47.252968,6.73,6.99,6.65,6.79,6331276.95,6331276.95
7/14/2022,45.026024,47.113784,43.773368,46.765824,6.47,6.77,6.29,6.72,5683331.12,5683331.12
7/13/2022,43.773368,45.58276,41.7552,45.026024,6.29,6.55,6,6.47,6999118.42,6999118.42
7/12/2022,45.443576,46.139496,43.564592,43.703776,6.53,6.63,6.26,6.28,4787702.68,4787702.68
7/11/2022,47.67052,48.088072,45.2348,45.443576,6.85,6.91,6.5,6.53,4986347.38,4986347.38
7/10/2022,50.4542,50.593384,47.044192,47.740112,7.25,7.27,6.76,6.86,4503146.23,4503146.23
7/9/2022,48.992768,51.219712,48.923176,50.4542,7.04,7.36,7.03,7.25,3537025.96,3537025.96
7/8/2022,50.80216,51.915632,48.296848,48.992768,7.3,7.46,6.94,7.04,6835377.2,6835377.2
7/7/2022,48.157664,51.219712,47.879296,50.80216,6.92,7.36,6.88,7.3,6147860.15,6147860.15
7/6/2022,47.600928,48.783992,46.557048,48.227256,6.84,7.01,6.69,6.93,5792837.78,5792837.78
7/5/2022,49.897464,50.315016,45.93072,47.600928,7.17,7.23,6.6,6.84,8211754.6,8211754.6
7/4/2022,47.740112,50.175832,46.348272,49.897464,6.86,7.21,6.66,7.17,4883415.15,4883415.15
7/3/2022,47.531336,48.644808,46.000312,47.67052,6.83,6.99,6.61,6.85,3092743.9,3092743.9
7/2/2022,46.9746,48.088072,46.069904,47.531336,6.75,6.91,6.62,6.83,3127372.77,3127372.77
7/1/2022,49.131952,50.523792,45.513168,46.9746,7.06,7.26,6.54,6.75,7477875.43,7477875.43
6/30/2022,48.992768,49.41032,46.209088,49.131952,7.04,7.1,6.64,7.06,6917468.18,6917468.18
6/29/2022,50.871752,51.776448,48.36644,48.923176,7.31,7.44,6.95,7.03,6972853.93,6972853.93
6/28/2022,53.864208,55.6736,50.523792,50.871752,7.74,8,7.26,7.31,6104944.23,6104944.23
6/27/2022,54.560128,57.06544,53.446656,53.864208,7.84,8.2,7.68,7.74,4689419.47,4689419.47
6/26/2022,56.647888,59.083608,54.351352,54.560128,8.14,8.49,7.81,7.84,4772371.56,4772371.56
6/25/2022,56.995848,58.248504,54.212168,56.578296,8.19,8.37,7.79,8.13,3861028.21,3861028.21
6/24/2022,54.142576,58.039728,53.725024,56.926256,7.78,8.34,7.72,8.18,5534788.24,5534788.24
6/23/2022,51.49808,54.420944,51.219712,54.142576,7.4,7.82,7.36,7.78,4766745.68,4766745.68
6/22/2022,54.003392,54.420944,51.15012,51.428488,7.76,7.82,7.35,7.39,5249428.04,5249428.04
6/21/2022,54.838496,57.622176,53.377064,54.072984,7.88,8.28,7.67,7.77,6447239.03,6447239.03
6/20/2022,52.402776,55.812784,49.897464,54.768904,7.53,8.02,7.17,7.87,8079205.13,8079205.13
6/19/2022,49.131952,53.23788,47.044192,52.402776,7.06,7.65,6.76,7.53,7341233.58,7341233.58
6/18/2022,50.662976,51.567672,45.026024,49.06236,7.28,7.41,6.47,7.05,10420321.76,10420321.76
6/17/2022,49.619096,51.985224,48.923176,50.662976,7.13,7.47,7.03,7.28,6187728.4,6187728.4
6/16/2022,59.1532,59.570752,48.505624,49.619096,8.5,8.56,6.97,7.13,11913274.4,11913274.4
6/15/2022,51.219712,61.171368,47.600928,59.083608,7.36,8.79,6.84,8.49,18683708.96,18683708.96
6/14/2022,48.992768,52.611552,46.487456,51.219712,7.04,7.56,6.68,7.36,14217216.87,14217216.87
6/13/2022,51.49808,52.054816,44.260512,48.992768,7.4,7.48,6.36,7.04,18666647.18,18666647.18
6/12/2022,55.951968,56.439112,51.358896,51.567672,8.04,8.11,7.38,7.41,9340811.88,9340811.88
6/11/2022,60.266672,61.58892,54.97768,55.882376,8.66,8.85,7.9,8.03,6779329.31,6779329.31
6/10/2022,64.233416,65.207704,59.292384,60.19708,9.23,9.37,8.52,8.65,6447468.57,6447468.57
6/9/2022,62.702392,65.903624,62.006472,64.303008,9.01,9.47,8.91,9.24,4879363.93,4879363.93
6/8/2022,64.163824,65.41648,61.93688,62.702392,9.22,9.4,8.9,9.01,3812382.23,3812382.23
6/7/2022,66.181992,66.181992,61.519328,64.233416,9.51,9.51,8.84,9.23,5096057.45,5096057.45
6/6/2022,65.06852,69.174448,64.859744,66.181992,9.35,9.94,9.32,9.51,5016416.01,5016416.01
6/5/2022,65.76444,66.529952,64.3726,65.06852,9.45,9.56,9.25,9.35,2387500.54,2387500.54
6/4/2022,65.277296,66.529952,63.607088,65.694848,9.38,9.56,9.14,9.44,2764967.02,2764967.02
6/3/2022,68.756896,69.104856,64.02464,65.207704,9.88,9.93,9.2,9.37,5185222.06,5185222.06
6/2/2022,65.76444,70.496696,64.650968,68.826488,9.45,10.13,9.29,9.89,5917176.47,5917176.47
6/1/2022,72.097312,74.8114,64.442192,65.834032,10.36,10.75,9.26,9.46,10157569.75,10157569.75
5/31/2022,72.862824,74.11548,69.174448,72.02772,10.47,10.65,9.94,10.35,8792549.01,8792549.01
5/30/2022,69.522408,75.089768,68.965672,72.862824,9.99,10.79,9.91,10.47,8473368.99,8473368.99
5/29/2022,67.225872,69.870368,64.929336,69.452816,9.66,10.04,9.33,9.98,5865314.46,5865314.46
5/28/2022,63.467904,68.20016,62.28484,67.15628,9.12,9.8,8.95,9.65,5955686.38,5955686.38
5/27/2022,63.607088,69.592,59.570752,63.467904,9.14,10,8.56,9.12,15631681.11,15631681.11
5/26/2022,68.687304,69.592,61.380144,63.607088,9.87,10,8.82,9.14,13610458.18,13610458.18
5/25/2022,70.914248,71.958128,67.991384,68.687304,10.19,10.34,9.77,9.87,6770708.75,6770708.75
5/24/2022,68.756896,71.470984,66.529952,70.914248,9.88,10.27,9.56,10.19,6933332.57,6933332.57
5/23/2022,70.705472,75.15936,68.20016,68.756896,10.16,10.8,9.8,9.88,9534059.79,9534059.79
5/22/2022,69.592,71.958128,68.687304,70.705472,10,10.34,9.87,10.16,4485374.89,4485374.89
5/21/2022,67.295464,70.28792,65.834032,69.592,9.67,10.1,9.46,10,4106354.74,4106354.74
5/20/2022,69.870368,71.401392,65.76444,67.295464,10.04,10.26,9.45,9.67,8304278.67,8304278.67
5/19/2022,66.042808,72.445272,64.163824,69.800776,9.49,10.41,9.22,10.03,10352256.32,10352256.32
5/18/2022,76.759976,77.734264,65.625256,66.042808,11.03,11.17,9.43,9.49,10809076.66,10809076.66
5/17/2022,73.906704,78.917328,72.584456,76.829568,10.62,11.34,10.43,11.04,8641438.95,8641438.95
5/16/2022,82.188152,82.188152,72.166904,73.976296,11.81,11.81,10.37,10.63,10051194.44,10051194.44
5/15/2022,78.708552,82.605704,73.558744,82.188152,11.31,11.87,10.57,11.81,11082707.18,11082707.18
5/14/2022,72.72364,80.448352,67.921792,78.63896,10.45,11.56,9.76,11.3,15902710.63,15902710.63
5/13/2022,60.54504,82.048968,59.570752,72.793232,8.7,11.79,8.56,10.46,25890493.66,25890493.66
5/12/2022,63.119944,66.251584,50.80216,60.614632,9.07,9.52,7.3,8.71,25729345.38,25729345.38
5/11/2022,78.98692,81.144272,56.091152,63.259128,11.35,11.66,8.06,9.09,31995073.86,31995073.86
5/10/2022,73.976296,86.572448,71.749352,79.056512,10.63,12.44,10.31,11.36,18906768.51,18906768.51
5/9/2022,92.278992,93.879608,73.141192,73.906704,13.26,13.49,10.51,10.62,19395824.83,19395824.83
5/8/2022,95.689,96.593696,90.678376,92.2094,13.75,13.88,13.03,13.25,7019382.931,7019382.931
5/7/2022,99.725336,100.073296,92.974912,95.689,14.33,14.38,13.36,13.75,4305832.068,4305832.068
5/6/2022,101.465136,102.091464,96.106552,99.655744,14.58,14.67,13.81,14.32,6781078.5,6781078.5
5/5/2022,113.713328,114.47884,97.567984,101.465136,16.34,16.45,14.02,14.58,9116577.82,9116577.82
5/4/2022,102.509016,113.78292,102.021872,113.713328,14.73,16.35,14.66,16.34,6243464.14,6243464.14
5/3/2022,104.179224,105.988616,101.047584,102.439424,14.97,15.23,14.52,14.72,3404204.43,3404204.43
5/2/2022,106.893312,108.56352,101.325952,104.109632,15.36,15.6,14.56,14.96,5385162.38,5385162.38
5/1/2022,100.9084,108.076376,100.769216,106.893312,14.5,15.53,14.48,15.36,5066643.89,5066643.89
4/30/2022,112.669448,114.47884,98.681456,100.9084,16.19,16.45,14.18,14.5,6047042.51,6047042.51
4/29/2022,118.236808,118.793544,111.277608,112.669448,16.99,17.07,15.99,16.19,4036404.24,4036404.24
4/28/2022,117.888848,121.298856,116.5666,118.236808,16.94,17.43,16.75,16.99,4260939.1,4260939.1
4/27/2022,116.079456,120.185384,114.687616,117.888848,16.68,17.27,16.48,16.94,3781290.25,3781290.25
4/26/2022,126.031112,127.631728,114.13088,116.079456,18.11,18.34,16.4,16.68,5792628.08,5792628.08
4/25/2022,126.448664,127.0054,119.141504,125.96152,18.17,18.25,17.12,18.1,5316099.45,5316099.45
4/24/2022,130.067448,133.338272,125.752744,126.448664,18.69,19.16,18.07,18.17,3027438.28,3027438.28
4/23/2022,127.214176,134.103784,124.987232,130.067448,18.28,19.27,17.96,18.69,3583194.77,3583194.77
4/22/2022,126.448664,128.953976,125.752744,127.214176,18.17,18.53,18.07,18.28,3634735.07,3634735.07
4/21/2022,132.92072,136.957056,125.474376,126.518256,19.1,19.68,18.03,18.18,4574629.37,4574629.37
4/20/2022,131.459288,135.982768,129.023568,132.851128,18.89,19.54,18.54,19.09,5373410.27,5373410.27
4/19/2022,126.379072,131.946432,125.543968,131.389696,18.16,18.96,18.04,18.88,3242472.57,3242472.57
4/18/2022,123.456208,127.770912,119.00232,126.30948,17.74,18.36,17.1,18.15,4831063.54,4831063.54
4/17/2022,129.510712,130.902552,122.82988,123.456208,18.61,18.81,17.65,17.74,2796505.88,2796505.88
4/16/2022,127.70132,130.13704,126.448664,129.510712,18.35,18.7,18.17,18.61,2340391.42,2340391.42
4/15/2022,124.639272,128.258056,123.734576,127.631728,17.91,18.43,17.78,18.34,2489380.26,2489380.26
4/14/2022,126.65744,128.606016,121.577224,124.639272,18.2,18.48,17.47,17.91,3580226.26,3580226.26
4/13/2022,123.664984,127.35336,120.881304,126.65744,17.77,18.3,17.37,18.2,3723536.86,3723536.86
4/12/2022,119.69824,125.543968,119.419872,123.664984,17.2,18.04,17.16,17.77,5075204.98,5075204.98
4/11/2022,133.825416,134.242968,118.3064,119.69824,19.23,19.29,17,17.2,7676575.11,7676575.11
4/10/2022,137.513792,140.9238,133.338272,133.755824,19.76,20.25,19.16,19.22,3716291.3,3716291.3
4/9/2022,135.217256,138.000936,134.242968,137.4442,19.43,19.83,19.29,19.75,2328439,2328439
4/8/2022,141.96768,143.220336,133.199088,135.217256,20.4,20.58,19.14,19.43,4641004.36,4641004.36
4/7/2022,138.070528,143.70748,135.35644,141.96768,19.84,20.65,19.45,20.4,5000936.99,5000936.99
4/6/2022,151.571376,151.849744,137.165832,138.14012,21.78,21.82,19.71,19.85,8285158.05,8285158.05
4/5/2022,159.36568,160.896704,150.875456,151.571376,22.9,23.12,21.68,21.78,6045973.86,6045973.86
4/4/2022,161.523032,161.662216,150.31872,159.296088,23.21,23.23,21.6,22.89,7444175.86,7444175.86
4/3/2022,157.347512,164.028344,156.651592,161.523032,22.61,23.57,22.51,23.21,7497259.93,7497259.93
4/2/2022,153.589544,165.97692,152.75444,157.347512,22.07,23.85,21.95,22.61,10723061.37,10723061.37
4/1/2022,148.439736,154.285464,143.35952,153.589544,21.33,22.17,20.6,22.07,7952049.94,7952049.94
3/31/2022,156.303632,160.479152,146.699936,148.439736,22.46,23.06,21.08,21.33,8749758.6,8749758.6
3/30/2022,156.094856,160.0616,150.457904,156.23404,22.43,23,21.62,22.45,7985199.05,7985199.05
3/29/2022,153.032808,159.783232,151.919336,156.025264,21.99,22.96,21.83,22.42,7738475.52,7738475.52
3/28/2022,156.373224,162.358136,151.571376,153.032808,22.47,23.33,21.78,21.99,9121823.41,9121823.41
3/27/2022,145.586464,156.442816,144.125032,156.303632,20.92,22.48,20.71,22.46,5215022.34,5215022.34
3/26/2022,142.941968,146.421568,140.854208,145.516872,20.54,21.04,20.24,20.91,3152433.21,3152433.21
3/25/2022,147.952592,148.787696,140.436656,142.872376,21.26,21.38,20.18,20.53,5860263.46,5860263.46
3/24/2022,146.282384,149.6228,140.9238,147.952592,21.02,21.5,20.25,21.26,7157667.86,7157667.86
3/23/2022,140.715024,147.047896,137.79216,146.282384,20.22,21.13,19.8,21.02,8218890.14,8218890.14
3/22/2022,130.485,142.524416,129.997856,140.645432,18.75,20.48,18.68,20.21,8290773.03,8290773.03
3/21/2022,129.858672,132.642352,128.04928,130.415408,18.66,19.06,18.4,18.74,4133739.8,4133739.8
3/20/2022,135.00848,135.426032,127.492544,129.78908,19.4,19.46,18.32,18.65,3665220.06,3665220.06
3/19/2022,131.87684,137.722568,131.250512,135.00848,18.95,19.79,18.86,19.4,4955267.89,4955267.89
3/18/2022,130.485,133.61664,126.170296,131.87684,18.75,19.2,18.13,18.95,4587101.48,4587101.48
3/17/2022,132.57276,134.66052,129.649896,130.485,19.05,19.35,18.63,18.75,4721544.69,4721544.69
3/16/2022,123.943352,133.547048,123.108248,132.57276,17.81,19.19,17.69,19.05,8986827.35,8986827.35
3/15/2022,123.17784,125.683152,118.65436,123.943352,17.7,18.06,17.05,17.81,4076701.31,4076701.31
3/14/2022,119.837424,124.291312,118.3064,123.17784,17.22,17.86,17,17.7,4696610.2,4696610.2
3/13/2022,126.239888,128.04928,119.211096,119.837424,18.14,18.4,17.13,17.22,4818274.4,4818274.4
3/12/2022,123.17784,130.485,123.038656,126.239888,17.7,18.75,17.68,18.14,6497976.77,6497976.77
3/11/2022,118.097624,128.675608,116.149048,123.108248,16.97,18.49,16.69,17.69,9499810.42,9499810.42
3/10/2022,124.360904,124.778456,116.079456,118.028032,17.87,17.93,16.68,16.96,5040333.69,5040333.69
3/9/2022,118.097624,125.891928,117.471296,124.291312,16.97,18.09,16.88,17.86,5742934.66,5742934.66
3/8/2022,114.200472,120.254976,113.504552,118.097624,16.41,17.28,16.31,16.97,6275907.39,6275907.39
3/7/2022,118.236808,119.280688,111.3472,114.200472,16.99,17.14,16,16.41,7318888.43,7318888.43
3/6/2022,120.602936,122.412328,114.896392,118.236808,17.33,17.59,16.51,16.99,5491289.2,5491289.2
3/5/2022,116.844968,123.87376,112.599856,120.602936,16.79,17.8,16.18,17.33,5101742.9,5101742.9
3/4/2022,125.404784,125.683152,114.8268,116.844968,18.02,18.06,16.5,16.79,8560042.35,8560042.35
3/3/2022,129.510712,129.928264,123.664984,125.404784,18.61,18.67,17.77,18.02,7635060.13,7635060.13
3/2/2022,131.52888,134.034192,127.70132,129.510712,18.9,19.26,18.35,18.61,8422865.21,8422865.21
3/1/2022,131.807248,136.121952,127.492544,131.459288,18.94,19.56,18.32,18.89,11677345.78,11677345.78
2/28/2022,121.786,132.990312,115.661904,131.807248,17.5,19.11,16.62,18.94,14924830.91,14924830.91
2/27/2022,125.474376,130.276224,118.793544,121.786,18.03,18.72,17.07,17.5,9879341.39,9879341.39
2/26/2022,120.115792,130.693776,119.419872,125.474376,17.26,18.78,17.16,18.03,10979780.48,10979780.48
2/25/2022,112.530264,121.925184,109.816176,120.0462,16.17,17.52,15.78,17.25,8246998.11,8246998.11
2/24/2022,111.138424,116.5666,97.77676,112.460672,15.97,16.75,14.05,16.16,22293881.53,22293881.53
2/23/2022,115.592312,121.855592,110.720872,111.138424,16.61,17.51,15.91,15.97,10055911.02,10055911.02
2/22/2022,112.599856,116.427416,109.95536,115.52272,16.18,16.73,15.8,16.6,8427783.22,8427783.22
2/21/2022,117.680072,123.456208,111.555976,112.599856,16.91,17.74,16.03,16.18,11178458.24,11178458.24
2/20/2022,124.22172,124.360904,116.009864,117.680072,17.85,17.87,16.67,16.91,6518197.69,6518197.69
2/19/2022,124.012944,126.796624,120.672528,124.152128,17.82,18.22,17.34,17.84,3507413.77,3507413.77
2/18/2022,126.448664,129.44112,122.412328,124.012944,18.17,18.6,17.59,17.82,6205167.39,6205167.39
2/17/2022,137.583384,139.253592,123.87376,126.379072,19.77,20.01,17.8,18.16,7873044.6,7873044.6
2/16/2022,140.367064,140.506248,132.57276,137.513792,20.17,20.19,19.05,19.76,5643848.37,5643848.37
2/15/2022,130.13704,141.550128,129.719488,140.297472,18.7,20.34,18.64,20.16,5428840.64,5428840.64
2/14/2022,130.415408,131.87684,125.404784,130.13704,18.74,18.95,18.02,18.7,5075585.02,5075585.02
2/13/2022,131.041736,134.173376,127.910096,130.345816,18.83,19.28,18.38,18.73,4675422.19,4675422.19
2/12/2022,132.085616,135.147664,127.0054,130.972144,18.98,19.42,18.25,18.82,6512111.12,6512111.12
2/11/2022,142.733192,144.264216,129.301936,132.085616,20.51,20.73,18.58,18.98,9586582.78,9586582.78
2/10/2022,152.75444,156.442816,142.594008,142.733192,21.95,22.48,20.49,20.51,9903304.31,9903304.31
2/9/2022,150.736272,154.772608,146.49116,152.684848,21.66,22.24,21.05,21.94,5280116.45,5280116.45
2/8/2022,155.607712,161.383848,146.560752,150.736272,22.36,23.19,21.06,21.66,10692150.43,10692150.43
2/7/2022,152.476072,157.97384,148.857288,155.53812,21.91,22.7,21.39,22.35,9933306.22,9933306.22
2/6/2022,148.370144,152.615256,144.612176,152.476072,21.32,21.93,20.78,21.91,4783912.16,4783912.16
2/5/2022,142.594008,155.120568,141.27176,148.439736,20.49,22.29,20.3,21.33,8873091.18,8873091.18
2/4/2022,131.598472,142.872376,130.206632,142.524416,18.91,20.53,18.71,20.48,9084604.77,9084604.77
2/3/2022,130.624184,131.946432,125.056824,131.668064,18.77,18.96,17.97,18.92,6622008.64,6622008.64
2/2/2022,136.191544,143.220336,128.953976,130.554592,19.57,20.58,18.53,18.76,8769960.78,8769960.78
2/1/2022,134.869296,139.184,133.26868,136.191544,19.38,20,19.15,19.57,8041127.34,8041127.34
1/31/2022,126.30948,136.469912,119.141504,134.799704,18.15,19.61,17.12,19.37,8316149.9,8316149.9
1/30/2022,130.485,132.2248,123.87376,126.30948,18.75,19,17.8,18.15,5074979.97,5074979.97
1/29/2022,127.631728,132.642352,125.822336,130.415408,18.34,19.06,18.08,18.74,4892745.7,4892745.7
1/28/2022,126.100704,128.675608,120.811712,127.631728,18.12,18.49,17.36,18.34,7390664.94,7390664.94
1/27/2022,125.822336,128.188464,119.280688,126.100704,18.08,18.42,17.14,18.12,9271719.1,9271719.1
1/26/2022,127.492544,139.601552,121.855592,125.822336,18.32,20.06,17.51,18.08,14459131.31,14459131.31
1/25/2022,125.404784,132.57276,120.811712,127.422952,18.02,19.05,17.36,18.31,9945213.12,9945213.12
1/24/2022,130.902552,130.972144,110.164136,125.404784,18.81,18.82,15.83,18.02,20381626.57,20381626.57
1/23/2022,127.144584,133.61664,123.386616,130.902552,18.27,19.2,17.73,18.81,11483380.21,11483380.21
1/22/2022,136.817872,140.297472,112.530264,127.144584,19.66,20.16,16.17,18.27,23239217.07,23239217.07
1/21/2022,160.131192,163.402016,132.503168,136.887464,23.01,23.48,19.04,19.67,17269209.91,17269209.91
1/20/2022,167.438352,178.294704,158.948128,160.131192,24.06,25.62,22.84,23.01,6578668.82,6578668.82
1/19/2022,175.02388,176.06776,164.793856,167.36876,25.15,25.3,23.68,24.05,6462252.41,6462252.41
1/18/2022,178.781848,181.426344,168.691008,175.02388,25.69,26.07,24.24,25.15,7145666.21,7145666.21
1/17/2022,192.76984,193.187392,174.67592,178.781848,27.7,27.76,25.1,25.69,8233269.46,8233269.46
1/16/2022,192.07392,198.128424,189.707792,192.76984,27.6,28.47,27.26,27.7,7073389.72,7073389.72
1/15/2022,193.1178,197.710872,186.715336,192.07392,27.75,28.41,26.83,27.6,5575781.94,5575781.94
1/14/2022,179.477768,194.022496,177.668376,193.1178,25.79,27.88,25.53,27.75,9449831.9,9449831.9
1/13/2022,190.194936,192.630656,178.921032,179.477768,27.33,27.68,25.71,25.79,7656681.93,7656681.93
1/12/2022,177.877152,191.934736,177.11164,190.125344,25.56,27.58,25.45,27.32,7566219.5,7566219.5
1/11/2022,165.141816,180.9392,163.402016,177.877152,23.73,26,23.48,25.56,9473674.68,9473674.68
1/10/2022,171.405096,175.511024,156.094856,165.072224,24.63,25.22,22.43,23.72,11667129.55,11667129.55
1/9/2022,166.881616,176.206944,164.724264,171.405096,23.98,25.32,23.67,24.63,7523995.26,7523995.26
1/8/2022,173.28408,177.737968,160.896704,166.951208,24.9,25.54,23.12,23.99,9965873.23,9965873.23
1/7/2022,185.949824,186.924112,168.691008,173.28408,26.72,26.86,24.24,24.9,14333874.43,14333874.43
1/6/2022,186.019416,190.403712,177.4596,185.949824,26.73,27.36,25.5,26.72,11412775.24,11412775.24
1/5/2022,199.659448,211.490088,174.32796,185.949824,28.69,30.39,25.05,26.72,14135011.01,14135011.01
1/4/2022,209.47192,212.812336,199.450672,199.659448,30.1,30.58,28.66,28.69,11149885.08,11149885.08
1/3/2022,206.618648,214.900096,199.172304,209.541512,29.69,30.88,28.62,30.11,11890491.01,11890491.01
1/2/2022,199.03312,213.090704,193.604944,206.618648,28.6,30.62,27.82,29.69,8942930.92,8942930.92
1/1/2022,185.601864,199.38108,185.532272,199.03312,26.67,28.65,26.66,28.6,5227230.45,5227230.45
12/31/2021,191.656368,195.692704,182.609408,185.532272,27.54,28.12,26.24,26.66,9510787.97,9510787.97
12/30/2021,186.576152,197.780464,182.122264,191.656368,26.81,28.42,26.17,27.54,7797319.16,7797319.16
12/29/2021,193.744128,201.538432,184.279616,186.645744,27.84,28.96,26.48,26.82,9578005.6,9578005.6
12/28/2021,215.456832,215.526424,191.099632,193.674536,30.96,30.97,27.46,27.83,15826935.59,15826935.59
12/27/2021,217.962144,228.122576,214.552136,215.526424,31.32,32.78,30.83,30.97,8620339.37,8620339.37
12/26/2021,200.842512,220.885008,196.736584,217.962144,28.86,31.74,28.27,31.32,9409786.98,9409786.98
12/25/2021,195.831888,202.651904,194.440048,200.703328,28.14,29.12,27.94,28.84,3990671.82,3990671.82
12/24/2021,202.930272,206.479464,193.674536,195.831888,29.16,29.67,27.83,28.14,6454013.86,6454013.86
12/23/2021,189.499016,207.453752,186.019416,202.930272,27.23,29.81,26.73,29.16,10938539.93,10938539.93
12/22/2021,175.093472,196.458216,173.840816,189.429424,25.16,28.23,24.98,27.22,10788179.43,10788179.43
12/21/2021,167.507944,178.085928,165.211408,175.093472,24.07,25.59,23.74,25.16,7752931.61,7752931.61
12/20/2021,172.448976,174.049592,161.940584,167.507944,24.78,25.01,23.27,24.07,7053641.28,7053641.28
12/19/2021,177.320416,179.964912,171.405096,172.448976,25.48,25.86,24.63,24.78,5757699.98,5757699.98
12/18/2021,171.474688,178.990624,168.482232,177.390008,24.64,25.72,24.21,25.49,7437623.45,7437623.45
12/17/2021,181.078384,182.400632,168.134272,171.474688,26.02,26.21,24.16,24.64,10403388.65,10403388.65
12/16/2021,188.872688,193.744128,177.80756,181.078384,27.14,27.84,25.55,26.02,14427194.9,14427194.9
12/15/2021,181.913488,195.066376,168.899784,188.872688,26.14,28.03,24.27,27.14,13450685.93,13450685.93
12/14/2021,180.730424,185.880232,173.98,181.98308,25.97,26.71,25,26.15,10443455.71,10443455.71
12/13/2021,205.574768,207.871304,177.737968,180.660832,29.54,29.87,25.54,25.96,10566935.28,10566935.28
12/12/2021,193.604944,209.611104,190.055752,205.574768,27.82,30.12,27.31,29.54,5833358.42,5833358.42
12/11/2021,184.001248,196.110256,179.616952,193.535352,26.44,28.18,25.81,27.81,8148503.07,8148503.07
12/10/2021,187.272072,197.850056,178.921032,184.001248,26.91,28.43,25.71,26.44,11306697.95,11306697.95
12/9/2021,207.73212,209.680696,186.50656,187.20248,29.85,30.13,26.8,26.9,9383772,9383772
12/8/2021,212.186008,213.160296,194.996784,207.662528,30.49,30.63,28.02,29.84,10373073.12,10373073.12
12/7/2021,195.692704,219.145208,192.700248,212.2556,28.12,31.49,27.69,30.5,13072414.91,13072414.91
12/6/2021,197.014952,201.260064,172.866528,195.762296,28.31,28.92,24.84,28.13,16137260.41,16137260.41
12/5/2021,204.461296,206.966608,183.235736,197.014952,29.38,29.74,26.33,28.31,11536652.53,11536652.53
12/4/2021,234.52504,235.638512,169.45652,204.461296,33.7,33.86,24.35,29.38,24608037.9,24608037.9
12/3/2021,248.860992,256.376928,226.591552,234.52504,35.76,36.84,32.56,33.7,9114532.42,9114532.42
12/2/2021,255.820192,256.028968,243.91996,248.7914,36.76,36.79,35.05,35.75,5653240.06,5653240.06
12/1/2021,264.171232,269.877776,252.062224,255.820192,37.96,38.78,36.22,36.76,6936636.91,6936636.91
11/30/2021,258.18632,273.84452,245.520576,264.10164,37.1,39.35,35.28,37.95,9758902.6,9758902.6
11/29/2021,248.7914,261.178776,246.35568,258.18632,35.75,37.53,35.4,37.1,7442054.72,7442054.72
11/28/2021,244.685472,249.48732,224.155832,248.860992,35.16,35.85,32.21,35.76,10439305.23,10439305.23
11/27/2021,240.44036,251.366304,239.605256,244.685472,34.55,36.12,34.43,35.16,6817533.23,6817533.23
11/26/2021,274.749216,275.723504,234.316264,240.509952,39.48,39.62,33.67,34.56,16596267.73,16596267.73
11/25/2021,266.328584,284.840056,264.727968,274.679624,38.27,40.93,38.04,39.47,7371944.97,7371944.97
11/24/2021,283.656992,284.770464,264.727968,266.398176,40.76,40.92,38.04,38.28,7264687.01,7264687.01
11/23/2021,274.749216,288.598024,268.207568,283.796176,39.48,41.47,38.54,40.78,6985881.02,6985881.02
11/22/2021,291.93844,293.399872,270.01696,274.818808,41.95,42.16,38.8,39.49,8474290.45,8474290.45
11/21/2021,292.912728,303.142752,282.821888,291.868848,42.09,43.56,40.64,41.94,6646315.92,6646315.92
11/20/2021,286.927816,292.98232,277.184936,292.98232,41.23,42.1,39.83,42.1,5821401.36,5821401.36
11/19/2021,271.617576,294.234976,266.954912,286.997408,39.03,42.28,38.36,41.24,8936329.85,8936329.85
11/18/2021,297.5058,301.124584,261.178776,271.617576,42.75,43.27,37.53,39.03,14653376.83,14653376.83
11/17/2021,284.213728,297.714576,269.738592,297.5058,40.84,42.78,38.76,42.75,11336082.44,11336082.44
11/16/2021,311.632976,311.632976,265.14552,284.213728,44.78,44.78,38.1,40.84,19699792.9,19699792.9
11/15/2021,322.837288,330.283632,309.6844,311.563384,46.39,47.46,44.5,44.77,6580865.03,6580865.03
11/14/2021,327.569544,332.858536,313.303184,322.837288,47.07,47.83,45.02,46.39,4667465.13,4667465.13
11/13/2021,319.42728,330.90996,312.189712,327.569544,45.9,47.55,44.86,47.07,6068714.1,6068714.1
11/12/2021,330.144448,332.093024,306.483168,319.42728,47.44,47.72,44.04,45.9,10700975.88,10700975.88
11/11/2021,325.273008,344.062848,316.99156,330.144448,46.74,49.44,45.55,47.44,9323684.55,9323684.55
11/10/2021,353.457768,362.435136,295.766,325.273008,50.79,52.08,42.5,46.74,19625912.74,19625912.74
11/9/2021,371.342912,371.551688,351.578784,353.388176,53.36,53.39,50.52,50.78,10322506.13,10322506.13
11/8/2021,363.409424,374.892104,359.303496,371.342912,52.22,53.87,51.63,53.36,7797418.81,7797418.81
11/7/2021,362.087176,372.525976,356.937368,363.409424,52.03,53.53,51.29,52.22,7102199.25,7102199.25
11/6/2021,360.1386,364.801264,341.0008,362.017584,51.75,52.42,49,52.02,8114011.78,8114011.78
11/5/2021,374.613736,375.309656,351.857152,360.208192,53.83,53.93,50.56,51.76,8742278.8,8742278.8
11/4/2021,371.27332,383.382328,362.991872,374.544144,53.35,55.09,52.16,53.82,14091354.82,14091354.82
11/3/2021,359.512272,379.554768,341.487944,371.203728,51.66,54.54,49.07,53.34,17237167.47,17237167.47
11/2/2021,347.820816,371.27332,334.111192,359.512272,49.98,53.35,48.01,51.66,19822814.53,19822814.53
11/1/2021,297.714576,358.885944,290.19864,347.820816,42.78,51.57,41.7,49.98,23714028.21,23714028.21
10/31/2021,297.366616,301.750912,285.396792,297.644984,42.73,43.36,41.01,42.77,6375433.77,6375433.77
10/30/2021,307.527048,308.362152,292.843136,297.366616,44.19,44.31,42.08,42.73,5254551.32,5254551.32
10/29/2021,291.033744,308.64052,289.224352,307.59664,41.82,44.35,41.56,44.2,8788034.21,8788034.21
10/28/2021,281.360456,300.080704,277.045752,291.033744,40.43,43.12,39.81,41.82,11629300.38,11629300.38
10/27/2021,312.676856,318.522584,269.32104,281.430048,44.93,45.77,38.7,40.44,17560562.15,17560562.15
10/26/2021,310.03236,320.1232,301.402952,312.676856,44.55,46,43.31,44.93,9161833.46,9161833.46
10/25/2021,294.37416,311.77216,293.051912,310.03236,42.3,44.8,42.11,44.55,7291785.53,7291785.53
10/24/2021,305.787248,307.387864,287.206184,294.443752,43.94,44.17,41.27,42.31,7260724.06,7260724.06
10/23/2021,302.7252,311.702568,299.802336,305.85684,43.5,44.79,43.08,43.95,6138290.14,6138290.14
10/22/2021,298.062536,322.837288,297.018656,302.794792,42.83,46.39,42.68,43.51,16062749.38,16062749.38
10/21/2021,309.058072,316.852376,291.660072,298.132128,44.41,45.53,41.91,42.84,14782015.92,14782015.92
10/20/2021,287.76292,314.695024,285.883936,309.127664,41.35,45.22,41.08,44.42,13310248.05,13310248.05
10/19/2021,286.440672,289.85068,278.437592,287.693328,41.16,41.65,40.01,41.34,8843904.77,8843904.77
10/18/2021,293.051912,300.9854,280.1078,286.510264,42.11,43.25,40.25,41.17,10911226.84,10911226.84
10/17/2021,290.477008,298.340904,275.027584,293.121504,41.74,42.87,39.52,42.12,10386680.07,10386680.07
10/16/2021,301.124584,311.632976,287.136592,290.5466,43.27,44.78,41.26,41.75,13673173.23,13673173.23
10/15/2021,283.169848,307.875008,274.54044,301.194176,40.69,44.24,39.45,43.28,22085746.43,22085746.43
10/14/2021,290.129048,296.044368,273.705336,283.309032,41.69,42.54,39.33,40.71,20178003.61,20178003.61
10/13/2021,244.685472,300.776624,233.620344,290.129048,35.16,43.22,33.57,41.69,36492731.21,36492731.21
10/12/2021,237.447904,246.564456,223.181544,244.755064,34.12,35.43,32.07,35.17,13326459.4,13326459.4
10/11/2021,239.535664,251.157528,231.3934,237.517496,34.42,36.09,33.25,34.13,11467492.31,11467492.31
10/10/2021,252.827736,260.62204,237.517496,239.605256,36.33,37.45,34.13,34.43,13147574.66,13147574.66
10/9/2021,232.158912,256.79448,229.6536,252.827736,33.36,36.9,33,36.33,12546752.37,12546752.37
10/8/2021,236.473616,240.022808,229.862376,232.08932,33.98,34.49,33.03,33.35,11134583.44,11134583.44
10/7/2021,224.016648,245.729352,215.248056,236.473616,32.19,35.31,30.93,33.98,20356598.29,20356598.29
10/6/2021,218.449288,230.279928,202.582312,224.016648,31.39,33.09,29.11,32.19,14373589.09,14373589.09
10/5/2021,216.77908,223.807872,212.394784,218.449288,31.15,32.16,30.52,31.39,8537858.77,8537858.77
10/4/2021,223.39032,223.459912,209.054368,216.77908,32.1,32.11,30.04,31.15,9287969.05,9287969.05
10/3/2021,222.763992,227.496248,216.918264,223.459912,32.01,32.69,31.17,32.11,7871434.22,7871434.22
10/2/2021,222.276848,232.367688,219.353984,222.763992,31.94,33.39,31.52,32.01,8748363.88,8748363.88
10/1/2021,199.102712,224.990936,198.3372,222.276848,28.61,32.33,28.5,31.94,13176348.21,13176348.21
9/30/2021,189.846976,201.747208,188.803096,199.172304,27.28,28.99,27.13,28.62,8201551.44,8201551.44
9/29/2021,183.096552,198.963528,181.704712,189.846976,26.31,28.59,26.11,27.28,10207287.33,10207287.33
9/28/2021,192.909024,197.502096,181.913488,183.096552,27.72,28.38,26.14,26.31,9784154.53,9784154.53
9/27/2021,200.703328,210.585392,191.378,192.839432,28.84,30.26,27.5,27.71,11094418.1,11094418.1
9/26/2021,207.592936,209.193552,186.228192,200.703328,29.83,30.06,26.76,28.84,18340714.24,18340714.24
9/25/2021,214.273768,224.225424,204.670072,207.523344,30.79,32.22,29.41,29.82,13368526.84,13368526.84
9/24/2021,232.576464,233.411568,194.16168,214.273768,33.42,33.54,27.9,30.79,28521525.89,28521525.89
9/23/2021,219.771536,233.82912,211.350904,232.506872,31.58,33.6,30.37,33.41,13516616.87,13516616.87
9/22/2021,183.653288,222.6944,180.312872,219.91072,26.39,32,25.91,31.6,18161430.28,18161430.28
9/21/2021,197.014952,211.420496,177.4596,183.653288,28.31,30.38,25.5,26.39,24316299.56,24316299.56
9/20/2021,235.638512,235.986472,184.76676,197.014952,33.86,33.91,26.55,28.31,28383483.49,28383483.49
9/19/2021,242.597712,242.87608,229.723192,235.56892,34.86,34.9,33.01,33.85,7884331.02,7884331.02
9/18/2021,229.931968,249.83528,226.243592,242.667304,33.04,35.9,32.51,34.87,9990438.88,9990438.88
9/17/2021,247.121192,257.072848,224.016648,229.862376,35.51,36.94,32.19,33.03,14073919,14073919
9/16/2021,253.732432,257.281624,236.6128,247.0516,36.46,36.97,34,35.5,13726309.35,13726309.35
9/15/2021,259.92612,264.519192,247.39956,253.802024,37.35,38.01,35.55,36.47,12212842.72,12212842.72
9/14/2021,242.458528,269.808184,237.169536,259.995712,34.84,38.77,34.08,37.36,23675929.09,23675929.09
9/13/2021,249.208952,264.936744,219.2148,242.458528,35.81,38.07,31.5,34.84,49715992.15,49715992.15
9/12/2021,219.701944,253.66284,213.369072,249.069768,31.57,36.45,30.66,35.79,28871476.13,28871476.13
9/11/2021,203.069456,223.39032,196.5974,219.701944,29.18,32.1,28.25,31.57,15331069.56,15331069.56
9/10/2021,207.523344,227.21788,194.8576,203.139048,29.82,32.65,28,29.19,27860740.96,27860740.96
9/9/2021,193.187392,221.859296,187.8984,207.523344,27.76,31.88,27,29.82,21170365.5,21170365.5
9/8/2021,194.648824,200.981696,175.37184,193.187392,27.97,28.88,25.2,27.76,23830480.97,23830480.97
9/7/2021,239.04852,248.304256,157.695472,194.648824,34.35,35.68,22.66,27.97,40408249.41,40408249.41
9/6/2021,239.605256,244.26792,224.78216,239.04852,34.43,35.1,32.3,34.35,12428084.43,12428084.43
9/5/2021,225.547672,242.040976,222.485624,239.535664,32.41,34.78,31.97,34.42,9486930.418,9486930.418
9/4/2021,233.689936,237.517496,222.6944,225.47808,33.58,34.13,32,32.4,7731353.806,7731353.806
9/3/2021,221.163376,236.6128,212.325192,233.620344,31.78,34,30.51,33.57,14346166.88,14346166.88
9/2/2021,230.836664,231.04544,217.405408,221.232968,33.17,33.2,31.24,31.79,13487628.41,13487628.41
9/1/2021,218.101328,235.4854096,205.99232,230.906256,31.34,33.838,29.6,33.18,26017654.84,26017654.84
8/31/2021,181.28716,222.34644,178.225112,218.17092,26.05,31.95,25.61,31.35,40601758.67,40601758.67
8/30/2021,178.921032,191.934736,169.247744,181.147976,25.71,27.58,24.32,26.03,14865324.49,14865324.49
8/29/2021,180.660832,184.140432,175.650208,178.85144,25.96,26.46,25.24,25.7,5969161.7,5969161.7
8/28/2021,184.627576,186.228192,176.76368,180.660832,26.53,26.76,25.4,25.96,6962096.43,6962096.43
8/27/2021,166.464064,186.436968,163.19324,184.627576,23.92,26.79,23.45,26.53,12760582.38,12760582.38
8/26/2021,180.8139344,183.72288,163.262832,166.464064,25.982,26.4,23.46,23.92,12202094.79,12202094.79
8/25/2021,174.467144,184.76676,170.2985832,180.8139344,25.07,26.55,24.471,25.982,13580763.06,13580763.06
8/24/2021,193.9946592,196.0545824,169.4634792,174.4462664,27.876,28.172,24.351,25.067,15563782.33,15563782.33
8/23/2021,192.6515336,199.2210184,190.0696704,194.0016184,27.683,28.627,27.312,27.877,12452305.84,12452305.84
8/22/2021,193.8902712,198.476384,184.4188,192.665452,27.861,28.52,26.5,27.685,12726834.13,12726834.13
8/21/2021,195.8945208,204.2594792,191.169224,193.9041896,28.149,29.351,27.47,27.863,15380800.78,15380800.78
8/20/2021,184.9685768,198.1771384,181.3985072,195.8945208,26.579,28.477,26.066,28.149,18087062.3,18087062.3
8/19/2021,166.1021856,186.8475608,163.2906688,184.9894544,23.868,26.849,23.464,26.582,18955398.09,18955398.09
8/18/2021,163.8752416,175.2535336,156.582,166.1021856,23.548,25.183,22.5,23.868,20325842.46,20325842.46
8/17/2021,169.9367048,190.8351824,160.131192,163.854364,24.419,27.422,23.01,23.545,29082405.85,29082405.85
8/16/2021,161.10548,178.8444808,158.8159032,170.0271744,23.15,25.699,22.821,24.432,23210244.18,23210244.18
8/15/2021,158.8994136,162.358136,151.9610912,161.10548,22.833,23.33,21.836,23.15,10311557.71,10311557.71
8/14/2021,158.1339016,163.4576896,151.5087432,158.913332,22.723,23.488,21.771,22.835,12206858.98,12206858.98
8/13/2021,144.4660328,158.1756568,142.6844776,158.1339016,20.759,22.729,20.503,22.723,10079219.54,10079219.54
8/12/2021,148.5510832,155.2875888,138.48808,144.438196,21.346,22.314,19.9,20.755,13916627.07,13916627.07
8/11/2021,143.429112,156.23404,142.941968,148.5580424,20.61,22.45,20.54,21.347,17980834.43,17980834.43
8/10/2021,143.1229072,149.0591048,139.740736,143.4708672,20.566,21.419,20.08,20.616,13345048.98,13345048.98
8/9/2021,136.7552392,148.0013064,130.1787952,143.1229072,19.651,21.267,18.706,20.566,12450237.88,12450237.88
8/8/2021,145.8857096,147.569836,133.5609664,136.74828,20.963,21.205,19.192,19.65,11727291.35,11727291.35
8/7/2021,142.0859864,150.8963336,139.35798,145.8857096,20.417,21.683,20.025,20.963,16386907.83,16386907.83
8/6/2021,133.0877408,144.75136,128.8983024,142.0790272,19.124,20.8,18.522,20.416,17461334.49,17461334.49
8/5/2021,133.2408432,135.4121136,124.2982712,133.0877408,19.146,19.458,17.861,19.124,17528313.72,17528313.72
8/4/2021,121.2710192,136.2889728,118.9605648,133.26868,17.426,19.584,17.094,19.15,17035350.58,17035350.58
8/3/2021,125.1542528,129.0653232,116.9911112,121.26406,17.984,18.546,16.811,17.425,15066105.66,15066105.66
8/2/2021,128.1745456,131.7933296,122.168756,125.1542528,18.418,18.938,17.555,17.984,17843839.09,17843839.09
8/1/2021,116.7684168,138.48808,115.0982088,128.1745456,16.779,19.9,16.539,18.418,29839953.33,29839953.33
7/31/2021,109.8927272,118.4316656,108.424336,116.8032128,15.791,17.018,15.58,16.784,12127994.28,12127994.28
7/30/2021,106.1834736,110.3659528,100.2403168,109.9066456,15.258,15.859,14.404,15.793,12163617.88,12163617.88
7/29/2021,101.2006864,107.1090472,99.2173144,106.1556368,14.542,15.391,14.257,15.254,16761635.31,16761635.31
7/28/2021,99.9619488,102.7317104,96.8790232,101.2285232,14.364,14.762,13.921,14.546,13296413.17,13296413.17
7/27/2021,96.8999008,101.186768,92.8983608,99.968908,13.924,14.54,13.349,14.365,16376850.1,16376850.1
7/26/2021,95.5637344,106.4618416,94.8817328,96.90686,13.732,15.298,13.634,13.925,25704112.2,25704112.2
7/25/2021,95.7516328,96.2248584,91.061132,95.5776528,13.759,13.827,13.085,13.734,10636601.77,10636601.77
7/24/2021,93.25328,97.8254744,91.3255816,95.7168368,13.4,14.057,13.123,13.754,13352533.27,13352533.27
7/23/2021,91.5413168,94.088384,85.7443032,93.2602392,13.154,13.52,12.321,13.401,14319244.96,14319244.96
7/22/2021,85.9043648,93.044504,82.188152,91.5273984,12.344,13.37,11.81,13.152,17109976.61,17109976.61
7/21/2021,76.2867504,89.5022712,74.2755416,85.8974056,10.962,12.861,10.673,12.343,20720488.4,20720488.4
7/20/2021,79.7733096,80.4344336,72.1877816,76.2589136,11.463,11.558,10.373,10.958,15411227.69,15411227.69
7/19/2021,88.0199616,88.625412,79.0147568,79.752432,12.648,12.735,11.354,11.46,13496594.17,13496594.17
7/18/2021,85.5703232,90.0102928,85.3058736,88.0130024,12.296,12.934,12.258,12.647,8943548.853,8943548.853
7/17/2021,83.68438,88.6741264,81.492232,85.5564048,12.025,12.742,11.71,12.294,12685758.46,12685758.46
7/16/2021,91.130724,92.6478296,83.5104,83.6913392,13.095,13.313,12,12.026,11747810.94,11747810.94
7/15/2021,96.0230416,98.1803936,88.6532488,91.130724,13.798,14.108,12.739,13.095,11295460.34,11295460.34
7/14/2021,98.7580072,99.0085384,91.6109088,96.0439192,14.191,14.227,13.164,13.801,11240723.81,11240723.81
7/13/2021,103.309324,105.0769608,97.5053512,98.751048,14.845,15.099,14.011,14.19,7000669.871,7000669.871
7/12/2021,107.832804,108.91148,100.0802552,103.309324,15.495,15.65,14.381,14.845,7384762.29,7384762.29
7/11/2021,106.3156984,109.3151136,105.3483696,107.832804,15.277,15.708,15.138,15.495,5220591.256,5220591.256
7/10/2021,109.1272152,111.3402408,104.6524496,106.3087392,15.681,15.999,15.038,15.276,7361515.051,7361515.051
7/9/2021,106.5523112,110.7765456,103.135344,109.1272152,15.311,15.918,14.82,15.681,8527447.532,8527447.532
7/8/2021,117.3460304,117.5617656,104.318408,106.5940664,16.862,16.893,14.99,15.317,13613806.66,13613806.66
7/7/2021,112.2310184,122.9551456,111.938732,117.3390712,16.127,17.668,16.085,16.861,18479476.99,18479476.99
7/6/2021,105.9816568,112.6764072,105.7380848,112.286692,15.229,16.191,15.194,16.135,12531769.01,12531769.01
7/5/2021,111.1662608,111.17322,100.9084,105.9746976,15.974,15.975,14.5,15.228,10609352.58,10609352.58
7/4/2021,108.0276616,115.34874,105.5153904,111.17322,15.523,16.575,15.162,15.975,8386779.841,8386779.841
7/3/2021,106.3922496,109.6213184,104.5202248,108.006784,15.288,15.752,15.019,15.52,7020623.727,7020623.727
7/2/2021,105.5919416,107.554436,101.7574224,106.3992088,15.173,15.455,14.622,15.289,7898912.744,7898912.744
7/1/2021,114.13088,114.2074312,103.34412,105.5989008,16.4,16.411,14.85,15.174,10239264.12,10239264.12
6/30/2021,113.469756,115.7175776,104.9864912,114.1447984,16.305,16.628,15.086,16.402,13522533.23,13522533.23
6/29/2021,109.9066456,118.5082168,109.3568688,113.43496,15.793,17.029,15.714,16.3,15069027.29,15069027.29
6/28/2021,104.4436736,111.5281392,101.4929728,109.9136048,15.008,16.026,14.584,15.794,12407568.95,12407568.95
6/27/2021,100.9571144,104.5758984,97.637576,104.457592,14.507,15.027,14.03,15.01,10035136.21,10035136.21
6/26/2021,100.3795008,104.2557752,94.7564672,100.9849512,14.424,14.981,13.616,14.511,13921587.24,13921587.24
6/25/2021,112.9060608,116.5109264,100.3099088,100.3655824,16.224,16.742,14.414,14.422,15832639.43,15832639.43
6/24/2021,109.9136048,115.5853528,102.4672608,112.8991016,15.794,16.609,14.724,16.223,14150471.67,14150471.67
6/23/2021,102.1888928,116.91456,97.1713096,109.8996864,14.684,16.8,13.963,15.792,24268090.27,24268090.27
6/22/2021,109.3359912,117.8610112,90.4696,102.2167296,15.711,16.936,13,14.688,42443370.03,42443370.03
6/21/2021,143.4708672,144.7096048,106.82372,109.3081544,20.616,20.794,15.35,15.707,27185128.2,27185128.2
6/20/2021,140.7219832,146.1432,131.3270632,143.4778264,20.221,21,18.871,20.617,11045346.05,11045346.05
6/19/2021,149.1495744,150.5414144,140.680228,140.7289424,21.432,21.632,20.215,20.222,7447145.388,7447145.388
6/18/2021,156.8325312,157.0413072,140.610636,149.1495744,22.536,22.566,20.205,21.432,10556068.53,10556068.53
6/17/2021,160.2564576,167.0208,153.1024,156.8116536,23.028,24,22,22.533,10290433.24,10290433.24
6/16/2021,166.6171664,171.0849728,156.5193672,160.2912536,23.942,24.584,22.491,23.033,13836266.1,13836266.1
6/15/2021,179.9509936,181.0018328,163.6386288,166.6171664,25.858,26.009,23.514,23.942,17728382.4,17728382.4
6/14/2021,153.3877272,181.1201392,147.7646936,179.9509936,22.041,26.026,21.233,25.858,23122012.59,23122012.59
6/13/2021,144.3477264,155.9695904,138.6829376,153.380768,20.742,22.412,19.928,22.04,9398764.597,9398764.597
6/12/2021,145.760444,147.9665104,135.7044,144.3477264,20.945,21.262,19.5,20.742,12547282.8,12547282.8
6/11/2021,157.834656,161.4951952,142.5731304,145.79524,22.68,23.206,20.487,20.95,12851416.71,12851416.71
6/10/2021,161.5647872,171.19632,153.3946864,157.8555336,23.216,24.6,22.042,22.683,18698941.75,18698941.75
6/9/2021,150.6179656,162.392932,141.6962712,161.5508688,21.643,23.335,20.361,23.214,17895882.48,17895882.48
6/8/2021,150.9172112,155.1275272,136.40032,150.66668,21.686,22.291,19.6,21.65,22854699.76,22854699.76
6/7/2021,168.3360888,175.9494536,148.23096,150.9172112,24.189,25.283,21.3,21.686,16728777.96,16728777.96
6/6/2021,165.4341024,170.5073592,163.0749336,168.3012928,23.772,24.501,23.433,24.184,8542620.371,8542620.371
6/5/2021,173.9173672,183.72288,159.5953336,165.4271432,24.991,26.4,22.933,23.771,15159286.36,15159286.36
6/4/2021,187.933196,188.0306248,164.271916,173.8964896,27.005,27.019,23.605,24.988,23200131.88,23200131.88
6/3/2021,180.3337496,199.03312,178.6635416,187.9262368,25.913,28.6,25.673,27.004,22096623.22,22096623.22
6/2/2021,158.948128,186.993704,157.6189208,180.3546272,22.84,26.87,22.649,25.916,24489800.1,24489800.1
6/1/2021,161.9614616,163.8126088,150.31872,158.948128,23.273,23.539,21.6,22.84,18793956.11,18793956.11
5/31/2021,142.385232,163.19324,132.642352,161.8988288,20.46,23.45,19.06,23.264,21593146.82,21593146.82
5/30/2021,138.3558552,148.6206752,128.1606272,142.420028,19.881,21.356,18.416,20.465,17307772.38,17307772.38
5/29/2021,148.5719608,155.3223848,130.6868168,138.2653856,21.349,22.319,18.779,19.868,20620470.35,20620470.35
5/28/2021,166.9303304,182.470224,139.184,148.57892,23.987,26.22,20,21.35,40752090.29,40752090.29
5/27/2021,170.7022168,173.6042032,151.3417224,166.8955344,24.529,24.946,21.747,23.982,22582359.52,22582359.52
5/26/2021,154.1393208,172.3863432,150.3395976,170.6952576,22.149,24.771,21.603,24.528,26085513.27,26085513.27
5/25/2021,161.9197064,168.5309464,136.74828,154.215872,23.267,24.217,19.65,22.16,34789720.03,34789720.03
5/24/2021,124.6601496,163.4159344,118.9884016,161.8779512,17.913,23.482,17.098,23.261,43581078.15,43581078.15
5/23/2021,153.45036,163.297628,94.9095696,124.6531904,22.05,23.465,13.638,17.912,65071228.8,65071228.8
5/22/2021,169.7070512,171.19632,141.3691888,153.4990744,24.386,24.6,20.314,22.057,32371263.63,32371263.63
5/21/2021,201.4270848,215.7282408,139.184,169.7975208,28.944,30.999,20,24.399,49259719.83,49259719.83
5/20/2021,174.2862048,217.7394496,147.53504,201.5245136,25.044,31.288,21.2,28.958,46079545.71,46079545.71
5/19/2021,282.5643976,288.1317576,125.2656,174.2862048,40.603,41.403,18,25.044,76760027.41,76760027.41
5/18/2021,269.2584072,296.4480016,262.0347576,282.508724,38.691,42.598,37.653,40.595,18784123.61,18784123.61
5/17/2021,295.2510192,295.5641832,244.26792,269.2723256,42.426,42.471,35.1,38.693,22756823.57,22756823.57
5/16/2021,303.6855696,325.1477424,273.3364984,295.3206112,43.638,46.722,39.277,42.436,19390116.79,19390116.79
5/15/2021,333.832824,346.428976,297.3179016,303.7203656,47.97,49.78,42.723,43.643,29713880.39,29713880.39
5/14/2021,278.2427344,334.0416,274.0602552,333.8954568,39.982,48,39.381,47.979,25755875.96,25755875.96
5/13/2021,244.4697368,291.3747448,229.6536,278.2844896,35.129,41.869,33,39.988,32382529.92,32382529.92
5/12/2021,268.8895696,295.5711424,234.803408,244.4627776,38.638,42.472,33.74,35.128,19203754.06,19203754.06
5/11/2021,253.9272896,269.2027336,247.2534168,268.8826104,36.488,38.683,35.529,38.637,10529252.62,10529252.62
5/10/2021,280.5183928,291.24252,223.1049928,253.9272896,40.309,41.85,32.059,36.488,15156271.81,15156271.81
5/9/2021,277.6581616,282.2512336,265.84144,280.45576,39.898,40.558,38.2,40.3,9941002.399,9941002.399
5/8/2021,277.4563448,282.8636432,269.2723256,277.6651208,39.869,40.646,38.693,39.899,7174506.876,7174506.876
5/7/2021,289.2521888,297.85376,266.815728,277.4215488,41.564,42.8,38.34,39.864,13673656.09,13673656.09
5/6/2021,281.3117416,305.50888,264.310416,289.4192096,40.423,43.9,37.98,41.588,19626530.97,19626530.97
5/5/2021,242.0270576,283.6639512,240.2455024,281.3047824,34.778,40.761,34.522,40.422,15940781.37,15940781.37
5/4/2021,259.2232408,263.9694152,239.1598672,242.0200984,37.249,37.931,34.366,34.777,13221688.85,13221688.85
5/3/2021,254.845904,266.53736,254.5049032,259.2302,36.62,38.3,36.571,37.25,8437636.158,8437636.158
5/2/2021,256.8223168,258.7360968,246.947212,254.8876592,36.904,37.179,35.485,36.626,6899280.736,6899280.736
5/1/2021,254.0873512,260.691632,249.13936,256.8501536,36.511,37.46,35.8,36.908,7426793.568,7426793.568
4/30/2021,250.3850568,256.1751112,244.1774504,254.1639024,35.979,36.811,35.087,36.522,11153636.94,11153636.94
4/29/2021,236.3901056,250.5312,229.4169872,250.3850568,33.968,36,32.966,35.979,8746880.388,8746880.388
4/28/2021,242.493324,246.2791288,226.6333072,236.4179424,34.845,35.389,32.566,33.972,9168443.638,9168443.638
4/27/2021,232.4094432,243.154448,230.6348472,242.493324,33.396,34.94,33.141,34.845,10126562.84,10126562.84
4/26/2021,207.592936,232.9453016,207.070996,232.43728,29.83,33.473,29.755,33.4,12586853.24,12586853.24
4/25/2021,201.6908385,217.82296,195.55352,207.592936,28.9819,31.3,28.1,29.83,7392943.065,7392943.065
4/24/2021,224.3659998,225.4961739,198.545976,201.5586137,32.2402,32.4026,28.53,28.9629,12019207.5,12019207.5
4/23/2021,229.2847624,233.1318082,185.3617716,224.3110222,32.947,33.4998,26.6355,32.2323,25328983.32,25328983.32
4/22/2021,235.0219269,255.8445492,228.26176,229.3550503,33.7714,36.7635,32.8,32.9571,17785821.28,17785821.28
4/21/2021,246.433623,252.7386582,229.8352351,235.1882518,35.4112,36.3172,33.0261,33.7953,11604140.78,11604140.78
4/20/2021,241.7424263,248.7969674,219.5919886,246.4482374,34.7371,35.7508,31.5542,35.4133,14345901.28,14345901.28
4/19/2021,260.0117182,269.3259114,236.6128,241.7438182,37.3623,38.7007,34,34.7373,11880828.89,11880828.89
4/18/2021,292.6816826,297.1933319,222.6944,260.0165896,42.0568,42.7051,32,37.363,25846971.85,25846971.85
4/17/2021,288.0628615,336.546912,287.902104,292.6879458,41.3931,48.36,41.37,42.0577,17205151.16,17205151.16
4/16/2021,302.1468905,304.9883318,278.3728714,288.0398962,43.4169,43.8252,40.0007,41.3898,9269576.83,9269576.83
4/15/2021,295.9170146,308.29256,288.1428923,302.2505826,42.5217,44.3,41.4046,43.4318,8291327.15,8291327.15
4/14/2021,298.7591519,310.0977765,278.368,295.8850023,42.9301,44.5594,40,42.5171,10710847.58,10710847.58
4/13/2021,281.5699279,301.7188997,277.0387928,298.7591519,40.4601,43.3554,39.809,42.9301,9390973.4,9390973.4
4/12/2021,287.5075174,290.6850881,273.9440366,281.569232,41.3133,41.7699,39.3643,40.46,6509499.53,6509499.53
4/11/2021,289.50272,291.381704,278.2413426,287.5513603,41.6,41.87,39.9818,41.3196,5023884.47,5023884.47
4/10/2021,283.9945132,297.5545144,278.2128098,289.4108586,40.8085,42.757,39.9777,41.5868,5302312.77,5302312.77
4/9/2021,287.5875482,292.9711853,278.7166559,283.9945132,41.3248,42.0984,40.0501,40.8085,4356116.29,4356116.29
4/8/2021,274.957992,289.5020241,272.8848463,287.6515728,39.51,41.5999,39.2121,41.334,5879782.79,5879782.79
4/7/2021,301.7140282,302.751645,262.292248,274.897447,43.3547,43.5038,37.69,39.5013,11787515.43,11787515.43
4/6/2021,318.73136,321.9437267,289.224352,301.68132,45.8,46.2616,41.56,43.35,9415415.87,9415415.87
4/5/2021,308.4345277,319.2143285,290.9363152,318.7334478,44.3204,45.8694,41.806,45.8003,7991387.42,7991387.42
4/4/2021,287.971696,313.7610994,283.0070027,308.3865092,41.38,45.0858,40.6666,44.3135,8717890.34,8717890.34
4/3/2021,285.5665965,325.69056,284.7029598,287.9730878,41.0344,46.8,40.9103,41.3802,18075397.33,18075397.33
4/2/2021,260.7299076,288.1672495,254.5125583,285.5157943,37.4655,41.4081,36.5721,41.0271,10204662.65,10204662.65
4/1/2021,258.0360013,271.026044,250.5458143,260.6985912,37.0784,38.945,36.0021,37.461,9608182.24,9608182.24
3/31/2021,236.4583058,266.398176,231.184624,258.0227788,33.9778,38.28,33.22,37.0765,14303159.29,14303159.29
3/30/2021,238.9817117,242.18016,233.0322916,236.4583058,34.3404,34.8,33.4855,33.9778,5489182.37,5489182.37
3/29/2021,224.3165895,241.5816688,220.9518163,238.9810158,32.2331,34.714,31.7496,34.3403,6754322.38,6754322.38
3/28/2021,226.7815382,231.2061975,217.3191139,224.3165895,32.5873,33.2231,31.2276,32.2331,4896790.56,4896790.56
3/27/2021,230.7719434,233.1332,216.5139345,226.7891933,33.1607,33.5,31.1119,32.5884,6080754.51,6080754.51
3/26/2021,207.4252193,232.2208489,207.3103925,230.8937294,29.8059,33.3689,29.7894,33.1782,7973987.37,7973987.37
3/25/2021,210.2645729,217.5974819,196.94536,207.4252193,30.2139,31.2676,28.3,29.8059,17474869.14,17474869.14
3/24/2021,237.9774991,251.5528106,191.0898891,210.3132873,34.1961,36.1468,27.4586,30.2209,13285955.46,13285955.46
3/23/2021,245.1044158,252.5465843,236.838974,238.1257301,35.2202,36.2896,34.0325,34.2174,5897723.07,5897723.07
3/22/2021,255.2648478,262.9206638,243.9700662,245.199061,36.6802,37.7803,35.0572,35.2338,6137342.07,6137342.07
3/21/2021,259.0861446,265.1420404,251.2278159,255.2989479,37.2293,38.0995,36.1001,36.6851,6631041.19,6631041.19
3/20/2021,265.6570212,279.06392,258.5753393,259.0764017,38.1735,40.1,37.1559,37.2279,8583160.2,8583160.2
3/19/2021,245.9374321,270.4595651,240.78832,265.6570212,35.3399,38.8636,34.6,38.1735,9561406.59,9561406.59
3/18/2021,251.3363794,257.620537,243.3270362,245.9374321,36.1157,37.0187,34.9648,35.3399,5558730.76,5558730.76
3/17/2021,246.3424575,253.6593604,239.3122737,251.2521731,35.3981,36.4495,34.3879,36.1036,6842523.37,6842523.37
3/16/2021,238.6086986,247.3452782,223.181544,246.346633,34.2868,35.5422,32.07,35.3987,9126077.86,9126077.86
3/15/2021,253.6120378,268.3718051,235.4652279,238.674811,36.4427,38.5636,33.8351,34.2963,10731480.2,10731480.2
3/14/2021,258.4006634,264.4349857,252.2549938,253.6120378,37.1308,37.9979,36.2477,36.4427,4741817.09,4741817.09
3/13/2021,250.2403054,266.3578126,241.3958582,258.4772146,35.9582,38.2742,34.6873,37.1418,7399275.26,7399275.26
3/12/2021,256.786129,260.9665204,239.2385062,250.2187319,36.8988,37.4995,34.3773,35.9551,6812852.03,6812852.03
3/11/2021,261.3416213,264.7516293,249.609106,256.8125739,37.5534,38.0434,35.8675,36.9026,8664283.5,8664283.5
3/10/2021,265.7335724,275.58432,252.0490015,261.3137845,38.1845,39.6,36.2181,37.5494,12012623.7,12012623.7
3/9/2021,243.4794426,270.565345,240.1953962,265.7593214,34.9867,38.8788,34.5148,38.1882,12891833.92,12891833.92
3/8/2021,244.1969362,247.4454907,232.4741638,243.388973,35.0898,35.5566,33.4053,34.9737,6813802.79,6813802.79
3/7/2021,232.1783978,245.6590641,232.1783978,244.233124,33.3628,35.2999,33.3628,35.095,6061093.36,6061093.36
3/6/2021,233.7776219,238.0025522,223.04236,232.1561283,33.5926,34.1997,32.05,33.3596,6037223.17,6037223.17
3/5/2021,245.1385159,245.441937,217.892552,233.9641285,35.2251,35.2687,31.31,33.6194,15293689.83,15293689.83
3/4/2021,257.9504031,267.094096,239.04852,245.0793627,37.0661,38.38,34.35,35.2166,11601602.41,11601602.41
3/3/2021,251.5646412,269.181856,251.2486935,258.1758812,36.1485,38.68,36.1031,37.0985,11641704.64,11641704.64
3/2/2021,247.9409858,263.9255722,239.2412898,251.5006166,35.6278,37.9247,34.3777,36.1393,15276420.14,15276420.14
3/1/2021,235.1959069,248.165072,229.7572921,247.9375062,33.7964,35.66,33.0149,35.6273,13666144.31,13666144.31
2/28/2021,232.8993709,240.509952,206.68824,235.22096,33.4664,34.56,29.7,33.8,19977135.54,19977135.54
2/27/2021,218.8710155,248.1775986,218.1507383,232.837434,31.4506,35.6618,31.3471,33.4575,20330311.63,20330311.63
2/26/2021,217.3232894,233.4922947,194.8582959,218.770803,31.2282,33.5516,28.0001,31.4362,25275240.2,25275240.2
2/25/2021,234.0483348,245.381392,214.7483854,217.3643487,33.6315,35.26,30.8582,31.2341,13365957.05,13365957.05
2/24/2021,240.5774562,256.09856,216.43112,234.1047043,34.5697,36.8,31.1,33.6396,20265938.21,20265938.21
2/23/2021,261.9227145,263.05776,184.4188,240.318574,37.6369,37.8,26.5,34.5325,40437206.88,40437206.88
2/22/2021,275.4917626,276.5822693,214.4157357,261.7654366,39.5867,39.7434,30.8104,37.6143,27519472.04,27519472.04
2/21/2021,270.9780255,283.2338726,264.4496,275.488979,38.9381,40.6992,38,39.5863,15160345.53,15160345.53
2/20/2021,242.2448806,294.2683802,241.48424,271.0051664,34.8093,42.2848,34.7,38.942,29189715.44,29189715.44
2/19/2021,216.500712,243.572,205.2964,242.3471808,31.11,35,29.5,34.824,16536466.18,16536466.18
2/18/2021,222.5893161,226.8184219,212.5708518,216.500712,31.9849,32.5926,30.5453,31.11,7915382.55,7915382.55
2/17/2021,209.4002402,225.47808,206.0681753,222.598363,30.0897,32.4,29.6109,31.9862,14917487.45,14917487.45
2/16/2021,193.6056399,216.1569275,186.5079518,209.3550054,27.8201,31.0606,26.8002,30.0832,20070860.93,20070860.93
2/15/2021,187.063296,205.5504108,161.1437556,193.4803743,26.88,29.5365,23.1555,27.8021,20272317.43,20272317.43
2/14/2021,194.5806238,204.6993006,183.72288,187.0104061,27.9602,29.4142,26.4,26.8724,10698732.39,10698732.39
2/13/2021,199.3970862,210.237432,189.4315118,194.4149949,28.6523,30.21,27.2203,27.9364,15559714.6,15559714.6
2/12/2021,174.0050531,206.8775302,170.5004,199.4193556,25.0036,29.7272,24.5,28.6555,15767764.9,15767764.9
2/11/2021,164.0868013,178.9008503,161.7018834,174.1358861,23.5784,25.7071,23.2357,25.0224,13943337.77,13943337.77
2/10/2021,160.6809688,172.9347282,152.3480227,164.1125503,23.089,24.8498,21.8916,23.5821,16612771.89,16612771.89
2/9/2021,159.9502528,167.855904,154.6814425,160.6503483,22.984,24.12,22.2269,23.0846,16067713.73,16067713.73
2/8/2021,137.3502508,164.9114665,133.4969418,159.9592998,19.7365,23.6969,19.1828,22.9853,25522324.88,25522324.88
2/7/2021,141.7519448,144.7729335,128.466832,137.3363324,20.369,20.8031,18.46,19.7345,15159822.49,15159822.49
2/6/2021,144.9316033,148.9199208,138.087926,141.7825653,20.8259,21.399,19.8425,20.3734,11925117.12,11925117.12
2/5/2021,136.8749374,148.92688,134.6410342,145.029728,19.6682,21.4,19.3472,20.84,17350792.08,17350792.08
2/4/2021,145.160561,151.2380303,129.232344,136.8714578,20.8588,21.7321,18.57,19.6677,25501882.41,25501882.41
2/3/2021,119.5353947,145.6713662,116.91456,145.125765,17.1766,20.9322,16.8,20.8538,28799999.03,28799999.03
2/2/2021,114.4099439,122.969064,111.217063,119.5346988,16.4401,17.67,15.9813,17.1765,17507006.87,17507006.87
2/1/2021,112.1495958,115.2547908,108.4292074,114.3988092,16.1153,16.5615,15.5807,16.4385,10427226.81,10427226.81
1/31/2021,115.1211742,122.0170454,108.868333,112.1321978,16.5423,17.5332,15.6438,16.1128,13322271.39,13322271.39
1/30/2021,116.9110804,118.8687034,112.2706858,115.0696761,16.7995,17.0808,16.1327,16.5349,10071916.92,10071916.92
1/29/2021,117.4128387,123.5411102,110.9219929,116.8922906,16.8716,17.7522,15.9389,16.7968,24085491.74,24085491.74
1/28/2021,107.415252,121.742853,106.1855614,117.3620366,15.435,17.4938,15.2583,16.8643,18773126.13,18773126.13
1/27/2021,119.0823508,119.1902184,104.6079107,107.380456,17.1115,17.127,15.0316,15.43,18777450.02,18777450.02
1/26/2021,119.750434,123.7651965,111.3472,119.011367,17.2075,17.7844,16,17.1013,14031585.41,14031585.41
1/25/2021,125.0964914,132.92072,118.7865848,119.7469544,17.9757,19.1,17.069,17.207,19765645.59,19765645.59
1/24/2021,130.4481162,130.5866043,119.837424,125.0881404,18.7447,18.7646,17.22,17.9745,15685459.56,15685459.56
1/23/2021,119.1714286,130.83296,116.8804599,130.4474203,17.1243,18.8,16.7951,18.7446,24293114.74,24293114.74
1/22/2021,111.233765,125.3894738,102.3774871,119.1463754,15.9837,18.0178,14.7111,17.1207,31458042.07,31458042.07
1/21/2021,125.1250242,126.30948,104.2627344,111.2205426,17.9798,18.15,14.982,15.9818,38983790.86,38983790.86
1/20/2021,114.0967799,126.7117218,102.926568,125.1319834,16.3951,18.2078,14.79,17.9808,33656669.48,33656669.48
1/19/2021,115.3737931,121.716408,110.5608104,114.0842534,16.5786,17.49,15.887,16.3933,23747474.38,23747474.38
1/18/2021,118.9306402,126.8035832,109.25944,115.4517362,17.0897,18.221,15.7,16.5898,26097571.18,26097571.18
1/17/2021,125.1605161,127.1285778,113.295776,118.8854054,17.9849,18.2677,16.28,17.0832,50659218.35,50659218.35
1/16/2021,91.60951696,135.00848,91.56010664,125.1911366,13.1638,19.4,13.1567,17.9893,80460090.2,80460090.2
1/15/2021,100.812363,104.1089361,81.85341448,91.63804968,14.4862,14.9599,11.7619,13.1679,56797246.56,56797246.56
1/14/2021,76.14547864,102.161056,75.71679192,100.8158426,10.9417,14.68,10.8801,14.4867,50546604.14,50546604.14
1/13/2021,57.81146624,79.61811944,55.55738136,76.19349712,8.3072,11.4407,7.9833,10.9486,33973317.45,33973317.45
1/12/2021,57.57763712,60.71414856,55.11755992,57.81564176,8.2736,8.7243,7.9201,8.3078,17770135.49,17770135.49
1/11/2021,64.69411504,64.859744,49.85710064,57.54632072,9.2962,9.32,7.1642,8.2691,39097080.01,39097080.01
1/10/2021,67.75059568,69.51475288,59.88669968,64.65862312,9.7354,9.9889,8.6054,9.2911,13493639.61,13493639.61
1/9/2021,64.69202728,68.304548,62.92369456,67.75059568,9.2959,9.815,9.0418,9.7354,11628693.46,11628693.46
1/8/2021,67.10895744,68.2975888,61.09342496,64.71916816,9.6432,9.814,8.7788,9.2998,18487740.39,18487740.39
1/7/2021,70.06452968,74.324256,65.277296,67.11382888,10.0679,10.68,9.38,9.6439,23807905.1,23807905.1
1/6/2021,67.59192592,72.69023584,65.84168712,70.06452968,9.7126,10.4452,9.4611,10.0679,24556008.75,24556008.75
1/5/2021,66.21470024,69.89890072,62.702392,67.56269728,9.5147,10.0441,9.01,9.7084,20433614.97,20433614.97
1/4/2021,70.60317176,73.18921048,60.54504,66.20008592,10.1453,10.5169,8.7,9.5126,35233997.11,35233997.11
1/3/2021,64.06361152,73.0716,61.55273216,70.50156744,9.2056,10.5,8.8448,10.1307,37224723.44,37224723.44
1/2/2021,57.604778,68.826488,54.908088,64.05038904,8.2775,9.89,7.89,9.2037,41542040.61,41542040.61
1/1/2021,64.4561104,65.6113376,56.18092568,57.60547392,9.262,9.428,8.0729,8.2776,40444969.81,40444969.81
12/31/2020,50.30388128,66.181992,49.55367952,64.45541448,7.2284,9.51,7.1206,9.2619,39283522.88,39283522.88
12/30/2020,52.52317016,53.4327376,49.097156,50.30248944,7.5473,7.678,7.055,7.2282,29271542.34,29271542.34
12/29/2020,45.88270152,53.58584,42.590304,52.47375984,6.5931,7.7,6.12,7.5402,43059737.73,43059737.73
12/28/2020,35.81343504,46.62664,35.5475936,45.91819344,5.1462,6.7,5.108,6.5982,28565820.35,28565820.35
12/27/2020,36.15026032,38.06056072,34.326254,35.8085636,5.1946,5.4691,4.9325,5.1455,12600497.85,12600497.85
12/26/2020,36.27413408,36.84061296,35.3596952,36.13495008,5.2124,5.2938,5.081,5.1924,4830448.15,4830448.15
12/25/2020,35.56290384,36.80094552,35.07923944,36.25673608,5.1102,5.2881,5.0407,5.2099,5278806.02,5278806.02
12/24/2020,32.81193208,36.19688696,32.21970416,35.57264672,4.7149,5.2013,4.6298,5.1116,8292421.99,8292421.99
12/23/2020,35.857278,36.12590312,31.91419528,32.81193208,5.1525,5.1911,4.5859,4.7149,8098117.21,8098117.21
12/22/2020,33.89617544,36.257432,33.38606608,35.874676,4.8707,5.21,4.7974,5.155,8558735.42,8558735.42
12/21/2020,36.09458672,37.91580936,33.21765344,33.89269584,5.1866,5.4483,4.7732,4.8702,7796554.96,7796554.96
12/20/2020,37.13707488,37.83995408,35.29915016,36.09597856,5.3364,5.4374,5.0723,5.1868,6165710.95,6165710.95
12/19/2020,37.29574464,38.8114584,36.72091472,37.13289936,5.3592,5.577,5.2766,5.3358,5524007.44,5524007.44
12/18/2020,37.18091784,38.34310424,36.501004,37.26582008,5.3427,5.5097,5.245,5.3549,5673140.98,5673140.98
12/17/2020,37.32497328,40.01400816,36.6541064,37.2004036,5.3634,5.7498,5.267,5.3455,11536864.68,11536864.68
12/16/2020,36.466208,37.3987408,35.596308,37.33402024,5.24,5.374,5.115,5.3647,7988631.33,7988631.33
12/15/2020,34.08476976,36.82182312,33.7138444,36.45994472,4.8978,5.2911,4.8445,5.2391,5957058.68,5957058.68
12/14/2020,34.07641872,34.86141648,33.58788288,34.07850648,4.8966,5.0094,4.8264,4.8969,2543847.2,2543847.2
12/13/2020,32.97338552,35.49192,32.88222,34.07015544,4.7381,5.1,4.725,4.8957,3939252.37,3939252.37
12/12/2020,32.08330384,33.39650488,32.0610344,32.9761692,4.6102,4.7989,4.607,4.7385,2757351.25,2757351.25
12/11/2020,33.42225392,33.51063576,31.594768,32.0958304,4.8026,4.8153,4.54,4.612,3915723.68,3915723.68
12/10/2020,33.91357344,34.21629864,32.70824,33.40624776,4.8732,4.9167,4.7,4.8003,2575244.64,2575244.64
12/9/2020,32.97129776,34.37288064,32.12853864,33.91078976,4.7378,4.9392,4.6167,4.8728,5290274.94,5290274.94
12/8/2020,35.19128256,35.29079912,32.70824,32.98591208,5.0568,5.0711,4.7,4.7399,5044001.16,5044001.16
12/7/2020,35.69582456,35.88441888,34.87046344,35.19197848,5.1293,5.1564,5.0107,5.0569,2453405.21,2453405.21
12/6/2020,36.06048664,36.23516256,34.796,35.67842656,5.1817,5.2068,5,5.1268,2749760.54,2749760.54
12/5/2020,34.796,36.135646,33.93793064,36.05283152,5,5.1925,4.8767,5.1806,4496795.32,4496795.32
12/4/2020,37.56715344,37.81350912,34.48492376,34.796,5.3982,5.4336,4.9553,5,5569105.06,5569105.06
12/3/2020,37.98540136,38.74812968,37.0299032,37.57759224,5.4583,5.5679,5.321,5.3997,5002283.03,5002283.03
12/2/2020,35.36943808,38.59502728,34.79182448,38.0285484,5.0824,5.5459,4.9994,5.4645,7081941.51,7081941.51
12/1/2020,37.4265776,38.57414968,34.239264,35.35691152,5.378,5.5429,4.92,5.0806,10943827.45,10943827.45
11/30/2020,36.1321664,37.91093792,35.72366136,37.41753064,5.192,5.4476,5.1333,5.3767,9070457.89,9070457.89
11/29/2020,34.047886,36.22889928,33.40416,36.1321664,4.8925,5.2059,4.8,5.192,5392525.95,5392525.95
11/28/2020,33.50715616,34.4793564,32.499464,34.05762888,4.8148,4.9545,4.67,4.8939,5004579.77,5004579.77
11/27/2020,33.46748872,35.31933184,31.29482648,33.50924392,4.8091,5.0752,4.4969,4.8151,8464913.51,8464913.51
11/26/2020,36.88376,37.42031432,30.85848464,33.4667928,5.3,5.3771,4.4342,4.809,20179716.49,20179716.49
11/25/2020,39.8796956,40.59162176,35.700696,36.89628656,5.7305,5.8328,5.13,5.3018,10948123.7,10948123.7
11/24/2020,41.10312296,42.35160344,39.006316,39.89987728,5.9063,6.0857,5.605,5.7334,15057227.46,15057227.46
11/23/2020,38.3869472,41.476832,37.684068,41.12400056,5.516,5.96,5.415,5.9093,14908169.22,14908169.22
11/22/2020,40.23948624,40.67861176,35.98045584,38.4426208,5.7822,5.8453,5.1702,5.524,12275138.21,12275138.21
11/21/2020,36.39731192,40.45870104,35.6902572,40.24087808,5.2301,5.8137,5.1285,5.7824,14938158.71,14938158.71
11/20/2020,33.09586744,38.07656688,32.98939168,36.396616,4.7557,5.4714,4.7404,5.23,17934442.25,17934442.25
11/19/2020,32.56279272,33.75212,31.59407208,33.10282664,4.6791,4.85,4.5399,4.7567,7976959.23,7976959.23
11/18/2020,33.80361808,34.413244,31.281604,32.56696824,4.8574,4.945,4.495,4.6797,11415111.58,11415111.58
11/17/2020,31.30665712,34.34226016,31.23428144,33.80013848,4.4986,4.9348,4.4882,4.8569,13923587.21,13923587.21
11/16/2020,30.38317128,32.01232,30.17021976,31.30456936,4.3659,4.6,4.3353,4.4983,6702906.33,6702906.33
11/15/2020,31.07700352,31.33518984,29.96840296,30.38665088,4.4656,4.5027,4.3063,4.3664,4897453.63,4897453.63
11/14/2020,31.59546392,31.69846008,30.28435064,31.06378104,4.5401,4.5549,4.3517,4.4637,5232906.42,5232906.42
11/13/2020,30.64970864,31.95525456,30.40752848,31.612166,4.4042,4.5918,4.3694,4.5425,5539505.41,5539505.41
11/12/2020,30.9406032,31.14798736,29.99623976,30.64970864,4.446,4.4758,4.3103,4.4042,4584711.89,4584711.89
11/11/2020,30.7805416,32.221096,30.73739456,30.94129912,4.423,4.63,4.4168,4.4461,6264704.63,6264704.63
11/10/2020,30.25581792,31.35885112,29.92316816,30.78123752,4.3476,4.5061,4.2998,4.4231,5197286.34,5197286.34
11/9/2020,30.43466936,31.06517288,29.5035284,30.24677096,4.3733,4.4639,4.2395,4.3463,5918543,5918543
11/8/2020,29.44507112,30.811858,28.741496,30.43675712,4.2311,4.4275,4.13,4.3736,5332066.66,5332066.66
11/7/2020,31.89888504,33.81196912,28.393536,29.46594872,4.5837,4.8586,4.08,4.2341,15757508.9,15757508.9
11/6/2020,29.40122816,32.290688,29.2425584,31.89122992,4.2248,4.64,4.202,4.5826,8938274.32,8938274.32
11/5/2020,28.52436896,29.92456,27.9098716,29.38800568,4.0988,4.3,4.0105,4.2229,6288599.56,6288599.56
11/4/2020,28.09916184,28.91965152,27.0817268,28.51114648,4.0377,4.1556,3.8915,4.0969,7425623.62,7425623.62
11/3/2020,28.02609024,28.31976848,27.03092464,28.08872304,4.0272,4.0694,3.8842,4.0362,5133339.46,5133339.46
11/2/2020,29.37547912,29.66498184,27.558432,28.05671072,4.2211,4.2627,3.96,4.0316,5197343.74,5197343.74
11/1/2020,29.11242136,29.40262,28.58769768,29.37547912,4.1833,4.225,4.1079,4.2211,2456433.2,2456433.2
10/31/2020,28.42346056,29.7992944,28.23625808,29.12703568,4.0843,4.282,4.0574,4.1854,3270318.58,3270318.58
10/30/2020,28.2578316,28.9641904,27.24735576,28.4248524,4.0605,4.162,3.9153,4.0845,7322005.17,7322005.17
10/29/2020,30.32053848,30.7005108,26.77134648,28.2578316,4.3569,4.4115,3.8469,4.0605,10671185.96,10671185.96
10/28/2020,32.51547016,33.264976,29.5905184,30.3212344,4.6723,4.78,4.252,4.357,9278337.14,9278337.14
10/27/2020,32.75277888,34.44804,32.31086968,32.51407832,4.7064,4.95,4.6429,4.6721,10647012.08,10647012.08
10/26/2020,30.1437748,33.038802,29.85914352,32.72981352,4.3315,4.7475,4.2906,4.7031,11305772.22,11305772.22
10/25/2020,30.27252,30.9649604,29.63784096,30.1402952,4.35,4.4495,4.2588,4.331,4100261.59,4100261.59
10/24/2020,29.6740288,30.829256,29.49378552,30.29757312,4.264,4.43,4.2381,4.3536,4486543.97,4486543.97
10/23/2020,29.71300032,31.177216,29.124252,29.66915736,4.2696,4.48,4.185,4.2633,8353056.52,8353056.52
10/22/2020,28.76167768,30.1890096,28.69556528,29.70395336,4.1329,4.338,4.1234,4.2683,5757990.79,5757990.79
10/21/2020,27.16454128,29.646192,27.07615944,28.77768384,3.9034,4.26,3.8907,4.1352,7288864.8,7288864.8
10/20/2020,27.72754056,28.8737208,26.89104472,27.16454128,3.9843,4.149,3.8641,3.9034,5741108.49,5741108.49
10/19/2020,28.5814344,28.69208568,27.48953592,27.7393712,4.107,4.1229,3.9501,3.986,2740611.47,2740611.47
10/18/2020,27.59461984,28.7067,27.5166768,28.58004256,3.9652,4.125,3.954,4.1068,2456005.5,2456005.5
10/17/2020,27.23274144,27.69692008,26.86738344,27.60227496,3.9132,3.9799,3.8607,3.9663,1738606.63,1738606.63
10/16/2020,28.5257608,28.92382704,26.44496,27.21464752,4.099,4.1562,3.8,3.9106,5544038.18,5544038.18
10/15/2020,29.10059072,29.14025816,27.975984,28.5257608,4.1816,4.1873,4.02,4.099,3826663.78,3826663.78
10/14/2020,29.5870388,30.4778164,28.41858912,29.10963768,4.2515,4.3795,4.0836,4.1829,5239195.66,5239195.66
10/13/2020,29.99345608,30.24746688,28.74288784,29.55781016,4.3099,4.3464,4.1302,4.2473,4643179.26,4643179.26
10/12/2020,29.55154688,30.96913592,29.15835208,29.976754,4.2464,4.4501,4.1899,4.3075,6228123.12,6228123.12
10/11/2020,29.63157768,30.1716116,29.00803336,29.541804,4.2579,4.3355,4.1683,4.245,3675666.58,3675666.58
10/10/2020,29.60861232,31.2398488,29.437416,29.65036752,4.2546,4.489,4.23,4.2606,5182487.56,5182487.56
10/9/2020,28.6336284,30.27252,27.89734504,29.60513272,4.1145,4.35,4.0087,4.2541,6400372.85,6400372.85
10/8/2020,26.81936496,28.96767,25.28486136,28.64615496,3.8538,4.1625,3.6333,4.1163,8531658.6,8531658.6
10/7/2020,26.06985912,27.11582688,25.05312,26.80475064,3.7461,3.8964,3.6,3.8517,8599075.85,8599075.85
10/6/2020,28.94261688,29.089456,25.0948752,26.0726428,4.1589,4.18,3.606,3.7465,9256379.98,9256379.98
10/5/2020,29.05048448,29.5766,28.5744752,28.96488632,4.1744,4.25,4.106,4.1621,4362181.16,4362181.16
10/4/2020,28.25852752,29.2216808,27.91404712,29.0685784,4.0606,4.199,4.0111,4.177,2792994.5,2792994.5
10/3/2020,28.7275776,28.77559608,28.01982696,28.25922344,4.128,4.1349,4.0263,4.0607,3078936.51,3078936.51
10/2/2020,30.22171784,30.35672632,27.05876144,28.72896944,4.3427,4.3621,3.8882,4.1282,7748588.83,7748588.83
10/1/2020,30.24398728,31.91349936,29.44924664,30.25025056,4.3459,4.5858,4.2317,4.3468,7358246.56,7358246.56
9/30/2020,31.2955224,31.3164,29.42906496,30.24329136,4.497,4.5,4.2288,4.3458,4418266.77,4418266.77
9/29/2020,30.96844,32.09026304,30.1402952,31.29482648,4.45,4.6112,4.331,4.4969,7753017.85,7753017.85
9/28/2020,29.92386408,31.96986888,29.55850608,30.96913592,4.2999,4.5939,4.2474,4.4501,9835916.81,9835916.81
9/27/2020,30.15351768,30.37064472,28.63849984,29.89811504,4.3329,4.3641,4.1152,4.2962,3814327.15,3814327.15
9/26/2020,30.71721288,31.19043848,29.3956608,30.13890336,4.4139,4.4819,4.224,4.3308,3890876.06,3890876.06
9/25/2020,30.47016128,31.52448008,29.5139672,30.71721288,4.3784,4.5299,4.241,4.4139,6666492.08,6666492.08
9/24/2020,27.92587776,31.246808,27.56956672,30.46876944,4.0128,4.49,3.9616,4.3782,8363967.02,8363967.02
9/23/2020,28.96627816,30.09227672,27.419248,27.89038584,4.1623,4.3241,3.94,4.0077,9432617.01,9432617.01
9/22/2020,28.323944,29.30031976,27.14088,28.96767,4.07,4.2103,3.9,4.1625,8023448.28,8023448.28
9/21/2020,32.4020352,32.68666648,27.210472,28.31768072,4.656,4.6969,3.91,4.0691,18249034.01,18249034.01
9/20/2020,34.2427436,34.59209544,30.4221428,32.37280656,4.9205,4.9707,4.3715,4.6518,11400427.77,11400427.77
9/19/2020,36.6019124,36.6332288,33.30812304,34.2671008,5.2595,5.264,4.7862,4.924,6124417.44,6124417.44
9/18/2020,37.10158296,37.962436,35.44946888,36.61652672,5.3313,5.455,5.0939,5.2616,7241901.56,7241901.56
9/17/2020,35.31028488,37.76131512,35.0952456,37.13011568,5.0739,5.4261,5.043,5.3354,10973999.33,10973999.33
9/16/2020,35.1683172,36.744576,34.50232176,35.29149504,5.0535,5.28,4.9578,5.0712,8102718.15,8102718.15
9/15/2020,37.29922424,37.92764,34.8795104,35.1683172,5.3597,5.45,5.012,5.0535,10306445.21,10306445.21
9/14/2020,37.02155216,38.80519512,35.42998312,37.2699956,5.3198,5.5761,5.0911,5.3555,14288009.6,14288009.6
9/13/2020,35.75567368,38.11623432,33.17311456,37.03199096,5.1379,5.4771,4.7668,5.3213,16262645.74,16262645.74
9/12/2020,32.31365336,36.8559232,31.31500816,35.7598492,4.6433,5.296,4.4998,5.1385,12566058.18,12566058.18
9/11/2020,31.85991352,33.0562,29.994152,32.35888816,4.5781,4.75,4.31,4.6498,9013005.18,9013005.18
9/10/2020,32.71032776,34.02631248,30.83482336,31.87035232,4.7003,4.8894,4.4308,4.5796,9912392.07,9912392.07
9/9/2020,29.68585944,33.3589252,28.3726584,32.71032776,4.2657,4.7935,4.077,4.7003,11225976.14,11225976.14
9/8/2020,31.98935464,32.24823688,28.57934664,29.77632904,4.5967,4.6339,4.1067,4.2787,10449746.7,10449746.7
9/7/2020,33.29907608,33.65956264,27.8437592,31.97334848,4.7849,4.8367,4.001,4.5944,16089613.82,16089613.82
9/6/2020,28.85005952,34.2462232,25.95642416,33.2928128,4.1456,4.921,3.7298,4.784,23608694.54,23608694.54
9/5/2020,35.48287304,36.98606024,24.58059032,28.85005952,5.0987,5.3147,3.5321,4.1456,32791302.31,32791302.31
9/4/2020,39.48858856,41.685608,31.3164,35.50514248,5.6743,5.99,4.5,5.1019,28314850.39,28314850.39
9/3/2020,42.71209,44.069134,38.60337832,39.48858856,6.1375,6.3325,5.5471,5.6743,21239867.51,21239867.51
9/2/2020,43.425408,44.86735424,38.832336,42.71139408,6.24,6.4472,5.58,6.1374,15500500.04,15500500.04
9/1/2020,43.64253504,47.75333448,42.590304,43.4184488,6.2712,6.8619,6.12,6.239,16330264.82,16330264.82
8/31/2020,40.97229,44.99957904,40.04393272,43.64671056,5.8875,6.4662,5.7541,6.2718,13564047.71,13564047.71
8/30/2020,42.68703688,43.5019592,39.66674408,40.99803904,6.1339,6.251,5.6999,5.8912,13266535.91,13266535.91
8/29/2020,42.98628248,45.6245152,41.77746944,42.68286136,6.1769,6.556,6.0032,6.1333,15360444.96,15360444.96
8/28/2020,39.36749848,44.19092,38.0111504,43.01620704,5.6569,6.35,5.462,6.1812,24019172.63,24019172.63
8/27/2020,42.24791136,47.32256,36.18853592,39.35218824,6.0708,6.8,5.2001,5.6547,42626336.42,42626336.42
8/26/2020,38.56231904,45.721944,35.5023588,42.24791136,5.5412,6.57,5.1015,6.0708,37811519.74,37811519.74
8/25/2020,31.84460328,40.154584,31.177216,38.56231904,4.5759,5.77,4.48,5.5412,39457369.99,39457369.99
8/24/2020,27.7010956,33.39232936,26.305776,31.84460328,3.9805,4.7983,3.78,4.5759,25843953.12,25843953.12
8/23/2020,31.14659552,31.22175488,25.77130944,27.68300168,4.4756,4.4864,3.7032,3.9779,23845309.65,23845309.65
8/22/2020,19.75508104,31.66436,19.3604944,31.00045232,2.8387,4.55,2.782,4.4546,41611476.51,41611476.51
8/21/2020,20.16636976,21.503928,18.66874992,19.7154136,2.8978,3.09,2.6826,2.833,9765153.74,9765153.74
8/20/2020,20.49414808,21.65076712,18.09392,20.18168,2.9449,3.1111,2.6,2.9,11040863.6,11040863.6
8/19/2020,21.57352,22.26874408,18.372288,20.52964,3.1,3.1999,2.64,2.95,15895774.92,15895774.92
8/18/2020,14.544728,30.898848,13.9184,21.57352,2.09,4.44,2,3.1,6039881.97,6039881.97
